Attendance,Hours_Studied,Previous_Scores,Access_to_Resources,Parental_Involvement,Tutoring_Sessions,Parental_Education_Level,Peer_Influence,Family_Income,Motivation_Level,Exam_Score
84,23,73,2,0,0,0,2,0,0,67
64,19,59,1,0,2,1,0,1,0,61
98,24,91,1,1,2,2,1,1,1,74
89,29,98,1,0,1,0,0,1,1,71
92,19,65,1,1,3,1,1,1,1,70
88,19,89,1,1,3,2,2,1,1,71
84,29,68,0,1,1,0,1,0,0,67
78,25,50,2,0,1,0,0,2,1,66
94,17,80,2,1,0,1,1,1,2,69
98,23,71,1,1,0,0,2,2,1,72
80,17,88,2,0,4,1,1,1,1,68
97,17,87,2,1,2,0,1,0,0,71
83,21,97,1,1,2,0,2,1,0,70
82,9,72,1,1,2,2,2,1,1,66
78,10,74,2,1,1,2,1,0,1,65
68,17,70,1,1,2,0,2,1,1,64
60,14,65,0,1,0,1,2,2,0,60
70,22,82,1,0,1,0,1,0,1,65
80,15,91,1,1,3,1,2,0,0,67
75,12,58,2,1,3,1,2,1,1,66
78,29,99,1,1,0,0,0,2,2,69
99,19,84,2,1,1,0,1,1,1,72
74,20,89,2,1,1,1,0,1,0,66
78,11,100,1,2,1,0,1,0,2,66
65,17,75,2,0,2,0,2,0,1,63
62,21,54,0,2,0,2,2,2,2,64
91,13,90,1,0,1,0,0,2,1,65
83,22,94,2,2,0,1,1,2,1,71
90,16,58,1,1,1,0,1,0,1,66
66,18,51,2,2,2,1,1,0,0,64
83,16,57,1,0,0,0,2,2,1,63
70,31,66,2,1,1,1,0,2,1,69
69,20,96,1,1,2,0,2,1,1,67
65,25,90,1,2,2,1,2,1,1,68
72,13,93,1,0,1,0,0,0,0,61
65,21,91,0,1,2,0,2,1,0,64
99,8,54,1,1,2,2,1,0,0,67
72,12,84,1,0,1,0,2,0,1,63
65,21,98,1,0,1,0,0,1,0,64
68,24,56,1,2,3,1,1,2,0,67
84,21,52,1,1,1,1,1,1,0,65
63,19,94,2,0,1,0,2,1,1,64
94,18,82,2,1,3,1,0,1,1,70
98,11,82,1,1,1,2,2,1,0,68
70,16,98,1,1,2,0,2,1,1,65
78,17,88,1,1,1,1,2,1,1,68
61,26,70,0,1,2,0,2,0,1,64
86,22,72,1,0,3,0,2,0,0,68
77,9,57,1,1,2,0,1,1,1,63
71,22,65,1,0,1,1,2,1,0,64
68,18,72,1,2,0,1,1,1,1,64
86,16,63,1,0,2,0,2,1,1,67
77,24,96,0,2,0,0,1,1,1,67
67,26,51,2,1,2,2,1,2,0,66
88,26,79,2,1,1,1,2,0,1,72
83,15,89,2,1,1,0,1,1,0,65
94,18,87,1,1,1,0,2,1,2,71
65,22,82,0,2,2,2,2,1,1,66
91,26,71,0,1,0,0,1,0,1,68
87,17,96,1,1,1,2,0,2,1,70
65,19,66,1,1,0,0,2,0,0,62
88,13,88,2,0,2,2,0,0,2,68
78,13,96,2,1,2,1,1,0,2,67
98,25,56,2,0,0,2,1,1,1,71
66,28,97,2,1,0,0,1,1,1,68
86,20,89,1,1,1,2,0,0,1,69
75,26,81,2,0,3,0,2,1,2,70
98,22,69,2,1,1,0,0,0,0,69
73,16,95,1,1,1,1,0,0,1,65
98,22,52,0,1,3,1,2,1,1,70
96,29,72,0,1,1,0,2,0,1,71
71,20,88,1,1,1,1,1,0,1,65
92,29,91,1,0,2,2,0,1,1,72
100,4,60,2,2,0,1,2,1,2,69
70,25,52,1,1,1,2,2,1,1,66
77,21,90,1,0,4,2,1,1,1,68
81,18,71,0,2,0,0,1,1,1,65
72,21,57,1,1,1,1,1,2,1,64
61,8,54,1,1,1,1,2,2,1,60
69,19,82,2,1,1,0,0,0,2,65
71,22,79,1,2,1,0,2,0,2,66
78,29,93,2,2,5,1,1,1,0,74
67,17,52,1,1,2,0,0,1,2,62
95,15,93,1,1,2,1,2,0,1,70
88,17,94,2,1,0,0,1,1,0,69
63,25,72,2,1,3,1,0,1,1,67
86,22,54,0,0,2,0,1,1,1,64
86,17,97,2,1,3,1,1,2,2,71
98,23,54,0,1,0,1,0,1,0,68
60,21,80,1,2,0,1,1,1,1,64
70,26,75,0,1,1,0,1,1,1,63
97,16,92,1,1,0,1,2,2,0,71
97,18,75,1,2,0,0,2,0,0,69
89,18,73,1,2,3,1,2,2,1,100
91,11,94,1,1,3,1,1,1,1,68
64,22,98,1,0,1,0,0,1,0,62
81,22,77,1,1,2,2,2,1,0,68
69,20,73,2,2,2,0,2,0,1,66
67,19,92,1,0,0,1,2,1,2,64
92,12,92,1,1,2,0,1,1,2,67
65,17,66,2,1,1,2,1,2,1,65
79,18,79,1,1,0,1,1,0,1,65
98,15,58,1,2,0,1,2,0,2,69
67,19,82,1,1,1,0,0,0,2,63
99,22,92,0,1,3,2,0,1,0,72
100,31,59,1,1,2,2,2,2,1,76
82,21,66,2,1,3,1,2,0,2,69
67,22,72,1,1,3,2,2,0,2,67
73,20,92,1,2,2,1,2,1,1,69
77,8,87,1,2,0,0,1,0,1,63
72,20,66,1,1,3,2,2,0,1,67
71,20,62,2,0,2,1,0,1,2,66
99,35,85,2,2,2,2,1,1,0,79
66,19,74,1,1,1,0,1,2,1,64
89,22,80,2,2,1,0,2,2,1,73
60,20,82,2,0,2,0,2,0,2,63
84,13,78,1,1,1,0,2,0,1,65
97,27,81,2,0,0,0,2,2,1,73
72,25,94,2,2,2,1,2,0,0,70
67,25,93,1,2,2,0,2,0,2,68
86,15,57,1,1,1,1,0,1,1,65
89,28,79,2,0,0,1,2,0,2,71
88,12,72,1,0,2,1,2,1,0,64
73,24,64,2,1,4,1,1,2,1,68
70,33,82,1,1,1,1,1,0,0,69
98,14,76,1,1,0,1,2,1,1,69
78,21,55,1,1,1,1,2,2,1,67
94,17,65,1,0,4,0,1,1,0,68
78,11,51,2,1,2,2,1,0,1,64
77,20,87,1,1,0,0,2,0,0,66
66,14,96,0,2,3,0,0,0,1,63
77,23,79,1,1,0,0,1,0,1,66
81,14,81,1,1,1,2,0,0,1,66
61,29,52,2,1,3,1,2,0,0,67
78,15,75,2,2,1,0,0,0,0,65
91,18,76,1,0,1,0,1,1,1,68
87,25,52,0,1,1,0,2,0,2,68
85,13,89,1,2,0,0,1,2,1,65
96,21,64,1,1,2,1,1,1,2,71
61,28,86,2,1,1,2,0,0,2,65
82,10,70,0,1,3,2,2,0,1,64
91,21,100,1,2,0,2,1,2,1,72
82,22,61,1,1,2,0,0,0,1,65
73,25,53,2,1,0,2,0,0,2,66
65,13,99,2,0,0,0,0,0,1,61
96,12,62,2,0,2,1,0,1,1,68
79,23,82,2,2,3,2,0,1,0,69
95,22,69,2,1,1,1,2,0,1,72
83,22,82,2,1,2,2,2,0,1,71
87,22,80,2,2,2,0,0,0,0,70
92,16,85,2,1,1,0,1,0,0,68
86,21,51,1,0,2,0,2,0,1,67
76,22,92,1,1,1,0,1,0,1,68
81,16,74,1,1,3,2,2,1,1,68
92,31,76,1,1,2,0,2,1,1,72
75,23,71,2,0,0,1,1,1,0,65
76,13,99,2,1,2,0,2,1,0,66
64,24,90,1,1,0,0,0,0,2,65
97,14,66,1,1,2,1,0,1,1,67
64,25,89,2,1,2,1,1,1,0,66
86,27,72,1,1,1,0,2,1,0,69
77,15,94,1,1,0,1,2,2,0,66
76,26,52,2,1,4,0,1,2,1,69
87,22,68,0,2,0,0,1,0,1,67
63,25,71,1,2,1,0,2,1,1,66
84,31,87,1,1,2,1,1,0,1,71
91,19,59,0,2,5,1,1,1,1,70
93,15,64,1,2,2,2,2,1,1,71
67,15,86,1,1,1,2,2,2,2,66
96,15,54,1,1,3,0,0,1,2,67
86,20,60,0,2,1,1,1,1,1,66
95,22,88,2,1,0,2,2,0,0,72
79,22,94,1,1,1,0,2,1,1,68
82,25,86,1,1,3,0,2,0,1,69
97,20,76,1,1,2,2,2,0,0,71
96,29,55,1,1,0,2,1,1,0,70
78,18,91,1,1,2,1,1,2,2,67
71,36,56,1,1,2,0,2,2,1,69
76,24,69,2,0,2,0,1,1,0,65
76,15,53,2,2,1,1,1,0,1,65
71,14,85,1,1,2,0,1,1,0,64
71,23,75,0,0,1,1,0,0,0,63
94,19,95,1,0,3,0,2,0,1,69
63,24,57,0,1,1,1,1,0,1,64
87,23,91,2,2,0,0,2,2,2,72
67,20,76,1,0,0,0,1,1,1,63
74,15,68,2,0,3,0,2,0,0,64
62,11,82,2,1,3,1,1,2,1,64
71,17,90,1,1,5,2,2,1,1,67
91,25,72,1,1,2,2,2,1,0,71
95,21,62,1,1,1,0,2,1,2,70
69,13,96,0,1,0,0,1,2,0,61
79,21,66,2,1,2,1,0,0,0,67
79,22,100,1,2,4,1,0,2,1,72
95,15,88,0,0,1,0,0,0,0,66
91,21,84,2,1,1,0,1,2,1,70
81,20,51,1,2,3,0,1,1,2,67
87,13,72,0,2,2,0,1,1,1,67
94,22,75,1,0,2,1,1,2,2,71
60,23,69,1,2,1,1,2,0,1,66
76,26,57,1,1,1,0,2,1,1,68
96,26,68,1,1,3,1,2,2,1,74
90,12,54,0,1,1,0,1,2,1,64
82,14,65,1,1,1,1,2,0,1,65
81,23,54,1,0,1,1,1,0,1,66
74,23,88,2,1,0,0,0,1,0,66
81,23,84,0,1,2,0,2,1,1,68
86,43,97,1,2,2,0,2,1,1,78
77,23,69,2,1,1,0,2,1,0,67
89,27,89,2,1,3,0,2,1,1,74
94,26,79,2,1,1,2,2,0,2,74
66,24,82,0,1,1,0,1,1,0,62
78,18,77,1,2,2,0,1,1,1,66
76,25,89,1,1,3,0,1,1,2,69
87,15,52,2,1,2,1,2,0,1,68
70,19,54,0,1,0,0,2,1,2,89
86,17,55,0,2,2,1,1,2,0,66
95,20,64,1,0,2,0,1,1,0,68
77,34,80,0,1,0,0,2,1,0,69
96,9,82,1,1,0,1,2,0,2,67
100,24,86,2,2,2,0,2,1,0,75
64,10,64,2,1,0,0,2,1,2,60
69,17,83,1,2,2,1,2,1,1,66
98,27,56,2,0,1,1,2,2,0,73
98,20,50,0,1,1,0,1,1,0,68
64,14,85,1,1,0,0,1,1,1,62
61,16,86,1,1,2,0,2,0,0,62
66,24,81,0,2,1,0,1,1,2,65
100,16,63,0,2,2,0,0,0,2,69
67,21,96,1,1,3,0,1,0,0,64
80,20,94,2,1,0,2,2,0,1,67
94,16,76,2,2,0,0,1,0,1,70
61,33,99,1,1,2,1,1,1,2,70
84,24,65,0,2,3,0,2,1,0,69
71,8,75,0,2,0,0,2,1,1,61
94,21,96,1,1,0,2,1,1,0,69
71,16,73,1,2,1,0,1,1,1,63
87,25,74,0,1,0,0,1,1,0,67
69,19,61,1,1,3,0,1,2,2,66
61,23,58,1,0,4,0,1,1,1,63
76,25,78,2,1,2,0,0,1,1,68
72,13,66,2,2,0,2,1,0,1,65
92,18,54,1,0,1,0,2,1,1,67
92,17,75,0,0,2,2,1,1,1,68
78,16,83,2,1,0,1,1,0,1,64
84,31,87,1,1,0,1,2,1,2,71
84,22,92,1,1,0,0,1,1,0,69
93,12,74,1,1,1,2,1,1,0,67
77,26,70,1,0,2,1,1,2,0,65
71,33,84,1,0,1,0,2,1,1,68
71,26,51,1,2,1,2,2,2,0,67
81,11,82,1,1,3,0,1,1,2,67
78,17,70,2,1,2,0,2,0,1,66
78,28,73,1,2,2,1,1,1,2,70
64,16,65,0,2,3,2,2,1,1,65
89,23,56,0,0,4,2,2,1,0,69
69,25,70,1,1,1,0,2,2,0,65
68,14,65,1,2,1,1,1,2,1,63
77,20,98,1,1,2,2,1,0,0,67
69,1,97,1,2,1,0,2,0,1,61
83,14,82,0,1,0,0,2,1,1,65
75,18,95,2,0,1,1,1,0,1,66
78,13,88,2,1,0,1,1,2,2,66
81,30,67,0,1,1,0,0,2,1,69
68,11,80,1,1,2,1,2,1,1,63
66,17,61,2,0,1,2,2,2,1,65
95,21,84,0,0,0,0,1,2,0,67
77,29,52,2,2,2,0,0,2,1,69
76,11,92,1,0,4,2,0,1,1,65
61,27,79,1,1,1,0,2,0,1,65
80,20,53,0,2,0,1,1,0,1,65
82,14,94,2,1,2,1,0,0,0,67
88,21,93,2,1,4,0,2,0,1,72
67,16,89,2,1,3,1,2,0,2,66
70,20,84,1,1,2,1,1,1,0,65
92,18,70,1,2,1,0,1,0,1,69
98,21,57,0,1,2,0,1,2,1,68
65,24,64,0,1,1,2,1,2,0,64
80,30,67,2,0,3,1,0,1,1,69
69,13,68,0,1,0,0,2,2,0,59
62,33,78,1,2,0,0,2,1,1,68
73,8,60,1,1,0,0,1,2,1,60
66,19,59,2,1,1,0,0,2,1,62
88,24,86,1,0,0,1,0,0,0,67
81,22,50,2,0,4,0,2,1,2,68
66,16,57,2,1,3,0,2,1,2,64
60,19,72,2,1,3,0,2,0,2,65
92,17,57,0,0,2,0,2,1,1,65
67,16,98,1,2,0,0,1,0,1,63
84,25,84,0,1,2,0,2,1,0,70
73,22,72,1,0,3,0,2,1,0,66
83,16,56,2,1,4,0,2,2,0,68
73,25,69,0,0,3,0,2,1,1,66
63,22,83,0,0,3,1,0,1,1,63
69,25,98,1,2,1,1,0,0,1,66
68,24,74,1,1,1,0,1,1,1,65
77,15,85,1,1,1,2,2,0,2,66
86,17,60,0,2,2,1,2,2,2,67
71,24,81,1,1,0,0,2,0,1,66
60,24,62,1,0,4,0,0,0,2,63
81,20,60,1,1,3,0,2,1,0,66
84,21,75,1,1,1,1,2,2,0,67
99,28,61,1,1,1,0,2,0,1,71
84,16,86,2,1,1,0,1,0,1,67
79,23,97,2,1,1,0,1,2,1,69
83,19,70,1,1,2,2,0,0,1,67
97,19,66,1,2,2,1,2,1,2,72
93,27,59,0,2,2,0,0,0,2,70
73,25,70,2,1,0,2,1,0,0,67
69,25,78,2,0,0,0,0,0,1,64
71,28,69,1,1,1,1,1,1,2,67
80,20,81,2,0,3,2,0,1,1,69
80,18,55,1,1,2,0,1,0,0,63
63,22,85,2,1,4,1,0,2,1,68
89,19,95,1,2,0,0,2,1,1,70
92,21,51,0,1,0,1,1,1,0,66
72,24,78,2,2,0,0,0,0,2,68
87,15,80,0,2,0,1,2,0,2,67
77,33,85,2,0,0,0,1,0,1,69
96,14,69,0,1,0,1,0,1,2,66
94,13,91,1,1,3,0,1,0,0,68
81,27,77,1,1,2,2,1,1,1,69
88,25,70,1,1,1,2,2,1,0,70
95,24,86,2,1,1,1,1,1,2,74
80,24,96,2,1,0,1,2,0,2,70
73,20,91,1,1,1,2,1,1,0,66
90,15,97,1,2,1,1,0,0,1,69
69,20,63,2,1,0,2,0,0,0,64
76,16,56,2,0,1,0,2,0,1,62
95,26,77,2,0,0,0,1,1,1,70
89,19,52,1,2,2,0,0,1,1,68
76,15,84,1,1,0,1,1,1,0,65
69,18,62,2,2,3,0,2,1,0,65
74,22,73,2,2,3,2,2,2,0,71
71,17,83,1,2,2,0,1,1,0,66
67,15,74,1,1,0,1,0,0,1,61
90,21,62,1,0,2,0,0,1,0,67
70,21,94,2,0,0,1,1,0,1,65
78,17,88,2,1,0,0,0,0,1,65
75,17,80,2,1,1,0,2,0,1,65
99,21,85,1,1,4,0,2,1,2,73
76,11,71,1,1,1,1,1,1,1,62
63,12,69,2,1,0,1,0,1,0,60
64,16,58,1,0,1,1,2,1,0,61
84,19,90,1,0,2,2,1,0,2,67
84,22,69,1,2,3,1,1,1,1,70
77,29,85,2,0,1,1,2,1,1,69
77,25,65,0,1,0,1,2,1,2,66
62,19,90,1,1,2,1,2,0,0,64
81,20,55,1,2,1,2,2,2,1,68
80,14,81,1,2,1,2,2,0,1,67
66,20,90,1,1,0,1,1,1,2,64
64,18,83,1,1,2,1,2,0,2,65
65,22,85,2,0,2,2,2,2,1,66
84,23,78,1,2,2,0,0,0,0,68
68,29,53,2,1,1,0,0,1,1,66
70,19,63,1,1,3,0,1,0,0,63
67,22,86,1,0,1,0,2,0,0,63
98,24,97,1,2,1,1,2,1,1,74
94,18,77,2,1,1,1,2,1,0,70
69,21,86,2,2,2,0,1,0,1,68
73,20,84,1,1,0,2,1,1,1,66
68,21,100,0,1,0,0,2,1,0,63
80,15,90,2,0,4,1,2,0,1,67
61,20,81,1,1,1,0,1,1,1,62
87,23,56,2,2,1,2,2,1,1,71
81,29,68,1,2,2,2,1,1,1,72
96,26,63,1,1,1,2,2,2,1,72
67,33,93,1,1,0,0,1,0,2,68
92,15,72,0,1,1,0,0,1,0,66
92,25,77,1,1,0,0,2,0,1,70
65,21,98,0,1,2,2,2,0,2,66
76,33,92,1,1,1,2,2,2,0,72
67,15,89,1,2,0,0,1,2,0,64
71,16,51,1,1,0,2,0,0,1,61
82,7,56,2,2,0,0,0,0,1,62
76,17,87,2,1,1,0,2,1,2,68
98,15,71,1,0,1,0,2,1,0,68
65,21,56,1,0,1,0,2,1,2,63
99,22,87,0,1,1,0,1,1,0,70
69,31,60,0,2,1,2,1,0,1,68
91,26,79,1,2,1,0,1,0,1,72
74,17,87,1,1,4,1,2,0,1,67
66,15,80,2,0,1,1,1,0,1,61
94,23,100,1,0,0,2,1,0,1,69
72,12,72,0,1,2,0,0,0,2,61
86,31,66,2,2,3,1,2,1,1,75
83,27,60,0,2,0,1,1,2,1,68
79,17,75,0,1,1,0,1,1,0,65
89,28,97,2,1,3,0,0,1,2,75
64,19,99,1,0,1,1,2,1,1,64
87,27,77,1,1,1,0,1,0,1,70
96,10,80,2,2,0,0,1,1,1,67
62,16,79,1,1,2,0,1,1,0,63
89,20,58,1,1,1,0,2,1,1,67
77,17,53,2,0,2,1,1,2,1,86
76,24,72,2,0,3,0,1,1,2,67
65,14,59,1,2,1,2,2,2,0,63
80,19,94,1,1,0,1,1,1,1,66
79,23,81,1,1,1,0,1,1,1,67
91,24,52,1,1,0,1,1,2,0,69
70,13,81,2,2,2,2,2,1,1,66
79,11,81,1,1,1,0,1,2,1,64
100,28,72,0,2,1,2,0,0,1,73
87,22,83,1,0,1,1,1,0,0,66
94,16,93,1,1,1,2,0,0,0,68
77,29,88,0,2,0,1,2,1,0,70
62,27,63,2,1,4,0,0,2,0,67
65,20,74,0,1,0,1,2,1,0,62
68,32,97,0,1,1,0,2,0,2,68
76,31,91,2,1,1,2,1,0,1,72
94,19,51,1,0,3,2,2,1,1,69
74,26,89,0,0,3,0,0,2,0,66
86,24,59,2,2,1,0,2,0,1,70
88,28,79,1,2,0,0,2,1,1,71
83,14,90,1,1,0,1,0,0,1,65
74,24,78,1,2,3,1,2,0,1,70
83,26,70,0,0,2,0,0,1,2,65
74,9,66,2,1,1,0,1,2,0,62
63,13,65,1,2,2,0,1,2,1,62
100,8,92,1,2,1,2,1,1,1,70
65,18,91,2,1,5,1,1,0,1,66
63,24,91,0,2,4,0,2,0,0,67
95,29,64,0,1,1,0,2,1,1,72
72,20,90,0,2,0,2,0,0,0,66
86,30,52,0,1,2,1,0,1,1,68
73,12,60,1,2,1,0,0,0,1,62
76,10,76,1,0,2,2,2,2,1,64
70,20,70,1,1,0,2,1,0,1,65
74,22,56,0,1,4,2,0,1,0,66
76,20,52,0,1,2,0,1,0,1,64
89,8,81,2,1,4,1,1,0,0,67
80,19,66,1,2,4,1,0,1,0,69
98,12,51,1,2,0,2,2,1,1,68
62,24,72,1,1,2,0,1,0,2,64
80,22,65,1,2,2,0,1,2,1,68
83,14,79,0,0,1,0,2,1,1,64
97,17,96,2,1,0,2,0,2,2,71
62,14,65,2,2,3,0,0,0,0,61
83,20,100,1,0,4,1,0,0,1,68
70,14,54,1,2,3,1,2,1,1,64
95,23,86,1,1,3,2,2,0,1,72
61,17,87,1,1,5,0,1,1,2,65
89,15,71,1,1,1,0,2,1,1,68
97,19,64,0,2,2,0,2,0,1,71
78,17,98,1,1,2,0,2,1,0,66
62,13,99,2,0,4,2,2,1,1,63
97,32,82,2,1,1,0,1,1,1,74
79,20,87,0,2,2,0,1,1,0,66
61,16,91,0,1,2,1,1,1,2,63
88,21,90,1,2,2,0,1,2,2,72
79,19,100,2,1,1,1,2,2,0,69
65,19,91,2,1,1,1,2,1,1,67
69,24,83,2,0,3,0,1,0,0,66
63,25,69,1,2,0,0,0,0,1,64
83,17,80,1,0,4,1,0,1,1,67
85,17,94,0,1,4,1,2,0,2,69
93,6,52,1,1,0,1,1,1,2,64
94,11,66,0,1,1,0,1,2,2,65
85,28,98,2,1,2,0,2,0,1,72
61,30,90,2,0,2,0,0,0,1,66
88,19,59,0,1,2,1,1,0,1,66
77,23,51,2,2,1,1,2,0,1,67
83,22,83,1,1,1,2,0,2,2,69
86,38,79,2,0,3,0,0,0,0,73
74,27,54,2,1,3,1,1,1,1,69
97,19,98,0,1,1,0,1,0,1,68
65,14,81,1,0,1,0,2,0,1,61
87,10,83,0,1,0,0,2,0,1,63
60,21,93,2,1,0,0,2,0,0,63
97,15,67,1,0,1,1,1,0,1,68
65,11,78,2,1,2,2,1,0,1,63
64,16,79,1,2,3,2,2,1,1,66
73,14,98,1,2,2,0,0,0,1,65
75,30,57,2,2,0,1,1,0,2,68
69,25,88,1,1,0,1,0,0,2,66
83,20,79,0,0,2,2,2,1,0,66
78,29,92,1,2,2,0,0,0,1,70
61,20,92,0,0,0,0,0,1,1,61
73,15,51,0,1,2,0,0,0,1,61
92,29,63,1,1,1,0,0,0,2,71
88,23,59,1,0,1,0,0,1,1,67
89,14,73,2,2,2,1,0,1,1,70
88,19,95,1,2,2,1,0,0,1,69
72,15,50,2,2,2,0,1,1,1,65
64,12,74,0,2,0,0,2,1,2,61
71,26,94,0,1,3,2,2,0,0,68
93,31,96,0,2,2,0,2,0,1,74
99,12,83,1,1,1,0,0,1,0,67
80,23,91,1,1,5,0,0,2,0,70
60,16,66,1,0,1,0,1,2,0,59
66,17,64,2,2,0,1,1,1,0,64
73,16,52,1,2,2,1,2,1,1,66
83,15,75,0,0,1,0,1,1,1,63
63,20,73,0,0,0,1,1,2,0,61
98,15,69,2,0,2,0,1,0,0,68
75,22,56,1,1,3,0,2,1,0,65
97,20,62,2,1,1,0,1,1,1,69
91,19,60,0,2,2,0,1,0,1,68
90,15,97,0,1,2,0,2,2,0,69
84,17,98,0,1,1,1,1,0,2,67
85,25,50,2,2,1,1,1,2,2,70
86,23,59,1,1,1,2,1,0,0,68
85,14,94,1,1,0,1,2,2,0,67
82,21,52,1,2,4,0,1,0,1,67
99,25,97,1,2,0,1,2,1,2,75
89,10,69,0,0,3,1,0,0,0,63
91,23,77,1,0,1,0,2,0,2,70
95,16,88,0,1,2,0,2,2,0,70
69,23,62,2,1,1,0,1,1,1,64
63,15,55,0,1,0,1,1,1,0,59
79,9,90,0,1,1,0,1,2,2,63
81,10,99,1,2,2,2,2,1,1,67
93,20,83,2,0,0,0,0,1,1,68
78,22,91,1,1,0,2,0,1,0,68
83,15,97,1,1,2,0,1,0,1,97
81,24,61,0,1,1,1,2,0,1,66
62,10,68,0,1,3,2,1,1,2,61
85,20,61,1,2,2,1,2,2,2,70
93,13,53,0,0,1,2,2,1,2,65
66,16,87,1,0,3,0,2,1,2,64
84,20,57,2,1,2,0,2,1,2,69
84,15,55,2,1,1,0,0,1,0,64
67,18,68,0,0,2,2,0,0,0,61
65,26,53,1,0,3,0,2,2,0,64
99,17,59,2,1,0,0,1,1,1,68
76,25,53,2,1,1,0,2,2,2,67
69,13,94,0,2,3,0,2,0,1,62
67,23,89,1,1,2,0,1,0,1,66
87,29,93,2,1,1,0,1,0,2,72
84,5,93,1,1,4,1,2,2,2,68
86,15,97,2,1,4,0,2,2,1,71
64,23,59,1,1,3,0,2,1,2,65
96,19,95,0,1,2,0,1,1,0,68
76,22,76,0,1,2,0,1,0,1,65
73,16,58,0,2,1,0,1,1,1,64
78,21,83,0,1,2,0,2,1,1,65
76,19,66,2,2,0,0,0,0,0,65
95,27,52,1,2,3,1,0,1,2,73
97,22,54,2,1,1,2,2,0,1,72
72,22,71,1,0,1,1,0,1,1,64
95,18,91,1,1,0,2,2,0,0,69
91,17,66,1,1,1,0,2,2,2,69
97,17,88,2,1,0,0,2,1,1,70
70,22,53,1,0,1,0,2,0,0,83
83,17,70,1,2,3,2,1,0,0,68
71,22,56,2,0,1,1,1,0,2,84
93,32,93,1,1,1,2,0,1,2,75
60,25,98,2,0,1,2,1,1,1,67
83,18,66,2,1,0,2,2,2,1,69
74,27,99,1,2,3,0,2,1,2,71
73,18,88,0,1,1,1,2,1,1,66
86,8,50,2,1,1,1,2,1,2,65
94,14,74,1,2,1,1,2,2,1,70
84,9,92,0,2,1,2,0,0,2,66
94,18,77,1,2,3,2,2,1,1,74
81,30,72,2,1,0,0,1,0,0,68
78,22,70,2,1,2,1,2,0,1,68
60,19,51,2,1,0,1,2,1,1,62
82,25,81,2,1,2,2,1,1,1,71
86,7,88,0,1,2,1,0,0,1,63
84,21,90,2,2,2,0,1,1,1,69
89,25,81,1,1,3,1,0,1,2,71
83,11,67,0,2,1,2,2,1,1,66
63,27,51,2,1,0,2,2,0,0,64
65,22,95,1,1,3,0,2,0,0,65
84,18,71,2,1,4,0,2,1,1,69
71,24,80,0,1,2,0,2,1,1,66
63,34,60,2,1,1,0,0,1,0,67
77,21,57,0,1,4,0,0,0,1,65
82,21,54,0,0,3,1,0,0,2,65
73,17,90,1,2,1,0,2,0,2,67
89,15,82,1,0,1,1,1,1,0,66
86,25,81,1,1,1,0,2,2,0,69
90,20,58,1,1,1,0,1,2,2,70
86,17,59,1,2,3,2,2,0,0,68
60,26,94,1,1,3,0,2,2,2,68
88,17,94,1,1,5,1,1,1,1,70
75,18,80,1,2,2,0,1,0,1,67
98,14,83,2,2,3,1,2,0,1,72
93,17,95,0,2,1,0,1,0,1,69
84,22,81,1,2,1,0,2,1,1,69
70,25,61,1,0,3,1,2,0,0,64
68,14,85,1,0,2,0,1,1,1,63
74,25,88,2,2,3,0,1,1,1,70
79,28,82,1,2,0,0,2,1,1,70
72,22,64,1,2,1,1,0,1,0,66
81,31,70,1,1,1,2,1,0,0,70
67,15,74,2,1,0,2,2,2,2,66
99,13,57,1,1,1,1,0,0,1,68
64,9,73,1,1,1,1,2,1,1,61
97,29,58,1,1,1,1,0,2,1,72
97,24,75,0,2,1,0,0,1,0,69
89,22,97,2,1,2,0,1,1,1,72
77,13,62,1,1,1,1,1,2,1,65
85,35,73,2,1,1,0,0,2,2,74
74,21,52,0,1,1,0,0,2,0,62
72,21,60,1,2,0,2,1,0,0,65
83,24,85,2,0,1,0,1,0,0,68
83,21,81,1,2,3,2,0,2,0,71
71,15,50,2,1,1,2,1,1,0,62
75,23,73,2,0,1,0,2,0,0,65
63,31,86,2,1,0,2,1,2,0,68
62,28,96,2,1,4,0,2,1,1,70
63,17,92,1,1,2,0,0,0,1,63
64,14,90,2,2,0,0,0,0,0,63
93,19,65,2,1,0,0,1,1,1,69
62,20,94,1,0,3,2,1,1,2,66
86,27,82,1,1,2,0,2,0,0,70
71,10,55,1,1,2,1,2,0,2,63
95,29,97,1,0,0,1,2,1,1,72
79,19,59,1,2,1,1,1,1,0,65
72,17,74,2,1,2,2,2,2,0,67
81,14,73,1,1,1,0,2,2,0,63
75,10,81,1,2,3,0,0,0,1,65
83,25,83,1,1,2,0,1,0,1,67
65,20,62,0,1,0,2,1,1,2,80
100,12,68,1,1,2,1,1,0,1,68
77,12,57,1,1,2,1,0,0,1,63
74,18,56,1,1,1,1,2,1,1,64
88,30,91,1,1,3,0,2,1,1,73
75,18,88,1,1,2,2,0,1,0,66
93,11,72,1,1,2,1,0,0,0,66
78,19,55,2,2,0,0,1,1,1,66
89,18,72,2,1,4,0,1,1,0,69
64,4,65,2,1,1,0,0,1,1,59
94,20,89,1,1,0,0,1,0,1,68
89,19,55,1,1,1,2,1,0,1,67
68,24,73,1,1,1,0,1,1,0,64
66,31,80,2,0,0,0,0,0,0,65
73,27,99,1,1,1,1,2,0,0,68
99,18,54,2,1,0,2,2,1,0,70
70,13,56,1,1,2,0,1,1,1,62
78,35,99,0,2,1,0,2,0,1,72
61,20,70,0,1,1,0,2,1,0,62
76,20,87,2,2,1,2,0,0,0,68
83,20,89,1,2,3,0,0,0,1,69
98,21,66,1,2,3,0,2,2,0,73
81,19,61,2,2,3,2,0,1,0,69
93,17,64,1,1,1,0,1,1,1,67
82,17,88,0,1,2,2,1,0,0,65
62,20,92,0,0,2,2,2,1,2,63
73,17,85,1,2,2,0,2,0,1,66
83,16,72,1,1,1,1,2,0,1,66
98,21,63,2,1,0,2,1,0,0,70
94,18,71,1,1,2,2,1,2,0,69
69,29,96,2,1,1,0,2,2,0,70
69,4,93,0,1,2,0,0,1,0,58
68,27,66,1,1,3,0,2,2,1,67
94,8,89,0,2,0,0,1,1,2,66
91,18,71,2,2,0,0,1,1,2,70
76,18,79,2,2,1,2,2,1,1,67
80,12,71,0,0,1,0,2,0,2,60
79,15,62,1,2,1,1,2,0,0,65
70,13,59,1,1,0,2,2,1,1,63
80,31,57,2,2,1,0,2,1,0,72
61,26,51,1,0,0,0,1,0,2,62
65,28,64,1,1,6,2,1,1,1,70
95,24,59,0,2,2,1,0,0,1,70
90,13,63,1,1,0,0,1,0,1,64
77,17,54,1,1,3,0,1,0,0,64
90,24,97,1,1,1,0,2,2,0,72
91,19,67,0,1,0,1,0,1,1,66
91,18,52,1,1,2,0,0,1,1,66
89,24,68,2,1,0,2,2,0,1,71
68,23,91,0,0,5,2,0,0,1,66
74,18,67,0,1,2,0,1,0,2,64
79,27,65,0,1,0,1,0,1,0,66
73,14,96,0,1,1,0,0,0,0,62
90,24,65,1,1,4,0,1,0,1,70
73,24,99,1,1,3,0,1,1,1,69
66,18,92,1,2,2,0,1,0,1,65
76,22,84,1,2,2,0,1,1,2,70
99,12,80,2,2,0,0,2,2,1,70
69,26,61,1,1,1,1,2,2,1,67
84,19,87,2,1,2,0,2,0,0,69
77,17,67,1,0,0,0,1,0,0,62
63,26,74,2,1,1,0,2,0,1,67
80,16,55,1,2,0,1,2,0,2,65
88,12,65,1,1,0,0,2,0,1,65
95,24,73,0,1,3,0,2,0,1,69
72,12,67,1,1,4,0,1,1,0,63
63,31,74,2,0,3,1,0,1,0,66
97,8,87,2,1,0,0,2,1,1,67
75,30,73,1,1,1,1,0,1,2,69
83,21,75,1,1,1,0,1,0,2,67
92,19,85,1,1,1,0,1,1,1,70
73,17,92,2,2,2,0,0,2,1,67
89,22,76,1,2,2,0,1,0,1,70
65,20,97,2,2,0,0,0,0,1,65
72,27,68,0,1,0,1,0,1,1,63
66,21,63,1,1,0,0,1,2,1,64
92,21,85,1,2,1,0,0,2,0,69
69,18,59,1,0,1,0,2,0,0,60
89,20,95,1,0,3,0,2,0,1,69
98,22,69,0,1,4,0,2,2,1,72
81,10,85,0,1,1,1,1,0,0,63
82,12,79,1,0,0,1,2,0,2,63
73,21,85,1,1,6,1,1,1,1,70
79,19,90,2,1,1,1,0,2,1,68
84,20,99,1,1,2,0,2,1,0,69
99,22,71,1,1,0,1,1,1,2,72
98,17,75,2,0,1,1,2,0,0,67
94,15,94,1,0,1,0,2,2,0,68
96,21,63,2,1,1,2,0,1,1,70
79,14,59,1,2,5,2,2,1,1,68
86,22,57,1,1,2,1,2,1,2,69
96,10,99,1,1,1,1,0,1,1,68
76,26,64,1,1,0,1,2,1,0,66
98,23,88,1,1,1,2,0,0,2,72
77,22,72,1,1,2,0,1,1,1,67
84,26,62,2,0,3,0,2,2,1,70
88,30,96,1,2,1,0,1,1,1,73
98,26,73,0,1,1,2,1,2,2,73
70,9,78,1,1,1,0,1,1,0,60
90,12,61,2,1,2,1,1,1,0,67
81,16,66,1,2,3,0,2,2,1,69
71,20,87,0,1,1,0,0,1,2,65
86,21,56,0,1,1,1,0,0,1,66
73,15,93,2,0,1,1,2,0,1,65
79,16,87,1,0,1,1,1,0,1,64
85,12,88,2,2,1,1,1,0,2,67
76,14,59,1,2,3,0,1,1,0,65
68,12,75,2,2,1,0,2,1,1,64
98,14,51,2,2,0,0,2,1,1,67
80,26,66,0,1,2,2,1,2,1,70
89,14,67,0,1,3,0,1,0,0,63
76,36,96,1,1,1,1,1,0,1,71
74,23,100,0,2,2,0,2,2,0,68
76,21,81,1,1,0,1,2,1,1,67
76,15,76,2,2,1,2,1,1,1,67
82,24,72,1,0,0,2,2,1,1,68
82,17,51,1,2,1,2,2,0,1,66
80,21,90,1,1,0,1,0,1,1,68
65,35,84,1,2,0,0,2,1,2,70
80,19,82,0,0,5,1,2,0,1,67
67,27,90,1,0,2,0,1,2,1,67
65,16,96,2,0,2,0,0,0,0,62
97,20,69,2,1,0,0,0,0,0,67
84,31,71,2,1,4,0,0,0,0,70
86,16,99,2,2,4,1,1,0,1,72
76,31,83,1,1,2,0,0,2,1,70
96,24,93,2,0,2,0,1,0,1,94
86,17,61,1,1,2,0,2,2,1,66
91,24,66,0,0,2,0,1,0,2,69
75,26,70,1,2,0,2,1,2,0,68
98,24,66,0,2,2,0,2,0,2,71
93,11,94,1,2,4,0,1,0,1,69
94,16,76,1,1,2,0,1,1,0,67
67,19,98,1,0,2,2,0,0,1,64
71,20,66,1,1,1,1,0,1,1,63
71,24,52,2,1,2,1,1,1,1,66
71,21,57,1,2,2,2,2,2,0,66
94,12,61,2,0,3,1,1,2,1,69
61,22,82,0,0,4,0,2,1,0,64
63,24,59,1,2,1,0,1,0,0,62
68,26,90,2,1,4,0,1,0,1,70
69,25,56,1,2,2,0,1,0,1,67
92,23,54,1,0,0,2,2,2,1,68
60,10,85,1,1,0,2,2,1,1,62
77,23,96,1,0,1,1,1,2,1,67
76,21,83,2,1,0,0,2,0,1,68
65,22,97,1,0,2,0,1,1,0,64
87,12,62,0,1,2,0,1,1,1,64
88,14,67,1,1,2,2,1,2,1,66
89,26,92,0,1,2,2,2,0,1,72
89,20,91,2,1,2,0,2,1,1,72
60,24,83,2,1,2,0,2,1,2,66
98,20,75,1,0,4,1,2,1,2,72
93,20,51,1,2,1,0,2,1,0,69
96,26,64,2,2,2,0,1,1,0,72
61,17,58,0,0,1,0,1,1,1,60
97,21,53,1,1,0,0,1,2,1,69
92,17,89,2,1,0,0,2,0,1,68
93,17,57,1,0,3,1,1,0,2,69
64,18,68,0,1,1,0,2,0,0,62
98,17,70,2,1,1,0,0,2,0,70
87,28,57,0,0,2,0,0,1,1,68
83,15,84,1,2,1,1,0,2,1,68
98,19,90,2,1,1,1,2,2,0,70
78,17,64,2,1,0,0,1,0,1,65
84,29,90,1,2,0,2,2,1,1,73
79,21,64,1,2,0,1,0,0,0,66
97,26,85,1,1,2,0,1,2,0,71
63,11,56,1,2,2,0,1,1,2,62
80,22,71,1,1,2,0,2,0,2,68
87,25,76,2,1,1,1,2,0,0,70
92,20,86,0,1,0,2,1,1,0,68
83,26,83,0,2,2,1,1,0,1,71
96,17,93,1,1,2,0,0,1,1,70
98,28,59,1,1,1,0,2,0,1,72
63,34,83,2,1,2,1,0,1,1,69
76,18,56,2,1,1,1,0,0,1,63
61,17,74,1,1,0,2,1,1,2,62
73,29,76,1,1,2,0,1,0,1,68
81,29,51,1,0,2,2,2,1,0,70
96,17,54,1,1,1,0,2,1,1,69
94,17,92,1,1,2,0,0,0,0,68
65,18,64,1,2,2,0,2,2,1,65
64,12,67,0,1,3,0,2,0,1,59
84,14,82,1,1,3,1,2,0,1,66
81,14,61,1,2,0,0,2,0,0,64
71,15,60,1,0,5,0,2,0,2,63
96,20,71,1,1,5,1,1,0,1,72
97,21,53,2,1,0,0,0,0,0,67
76,29,96,1,1,2,2,2,0,0,94
96,14,97,2,1,2,0,0,1,0,70
75,26,72,1,0,0,0,1,0,1,66
89,19,60,1,0,4,2,2,1,0,69
79,20,74,0,1,2,0,2,0,0,64
65,24,55,1,1,1,0,2,0,0,63
97,13,70,2,2,1,2,1,0,1,71
78,22,54,1,2,1,0,0,1,1,65
89,21,85,1,0,1,1,0,1,0,68
75,23,64,1,1,1,0,0,0,2,64
61,22,76,0,0,1,1,2,2,2,64
64,35,51,1,1,2,0,0,1,1,66
80,16,76,1,2,1,1,2,1,1,68
88,17,50,1,1,3,1,1,0,1,67
73,16,96,2,0,1,0,2,1,1,66
88,17,75,1,1,2,0,1,1,1,68
88,16,55,1,0,3,2,1,0,1,66
88,27,67,1,1,3,1,1,2,1,71
80,29,52,2,1,4,0,2,0,1,71
97,17,77,2,1,0,1,0,0,1,68
80,15,56,0,2,3,0,1,1,2,64
78,23,74,1,1,3,0,0,1,0,67
68,17,65,1,2,0,0,2,1,2,64
72,24,88,0,2,3,0,2,0,2,68
62,21,74,0,1,0,2,2,0,2,62
85,11,92,0,1,0,1,1,1,0,64
70,29,97,2,0,3,2,2,0,0,70
72,31,98,1,1,0,1,1,0,2,68
91,16,63,1,1,2,1,1,1,2,69
73,18,88,1,0,3,1,2,0,0,65
70,22,72,2,1,2,0,1,2,1,67
91,24,93,1,2,0,0,2,1,0,71
65,32,57,0,1,2,0,2,0,0,65
78,19,74,1,1,2,0,2,0,0,66
80,15,80,1,2,0,0,1,0,1,65
87,12,53,1,1,2,1,1,1,0,65
85,16,93,1,0,1,0,2,1,2,68
92,20,66,1,1,2,1,0,1,1,68
62,31,83,1,2,0,1,1,1,1,67
72,17,96,1,0,3,0,0,2,2,65
71,21,86,0,1,2,1,1,1,1,66
66,20,94,1,1,0,0,1,1,0,63
72,35,75,2,2,1,1,2,0,1,72
81,17,78,2,1,2,0,2,0,1,67
87,17,84,0,2,0,1,2,1,1,67
75,26,56,1,0,1,0,2,0,1,66
89,24,83,1,0,1,0,1,0,1,66
73,31,57,1,2,2,0,1,0,1,69
72,24,53,0,1,0,0,1,0,1,62
82,18,73,1,0,2,1,2,0,0,66
61,24,80,1,1,0,2,2,0,2,64
63,27,98,1,2,1,0,2,0,1,67
77,25,85,2,2,2,1,2,1,1,71
89,26,61,0,1,0,0,1,1,0,68
64,27,58,0,2,2,2,1,2,1,66
94,28,80,2,1,3,2,2,0,1,75
89,24,61,2,1,1,2,2,0,1,72
84,19,85,0,2,1,0,1,2,1,68
93,21,56,1,1,1,0,2,0,1,68
76,27,67,2,0,1,0,2,1,1,69
69,15,89,1,1,1,1,0,0,1,63
80,22,92,2,1,0,0,2,1,1,70
82,18,67,1,0,1,2,2,2,0,66
82,20,60,0,0,3,0,2,1,1,66
83,28,98,2,1,1,2,1,0,1,72
98,21,88,1,0,1,2,1,1,1,71
96,20,90,1,2,3,1,1,0,1,72
95,12,61,1,1,4,1,1,2,2,69
92,24,71,2,0,2,0,2,0,0,71
98,24,53,0,1,3,2,0,2,1,69
64,33,55,1,2,1,1,1,1,1,68
71,18,61,0,0,2,1,0,0,0,61
80,21,65,2,1,2,2,1,1,2,68
94,21,100,1,2,0,2,1,0,0,72
80,29,71,1,1,0,1,2,1,1,70
90,19,85,1,2,0,2,2,1,2,73
66,22,95,2,1,3,0,2,1,0,67
70,24,62,2,1,2,1,0,0,1,65
89,21,57,1,1,1,0,2,2,1,68
67,17,62,2,0,3,0,2,1,2,65
74,21,94,1,2,1,0,2,0,1,97
71,26,83,0,2,1,1,0,1,0,66
74,14,73,2,2,2,0,1,1,2,67
88,21,91,1,2,2,0,1,2,1,70
75,16,62,1,2,3,0,2,0,1,66
82,27,62,2,1,1,0,1,0,0,69
64,11,78,1,2,2,1,1,0,0,62
92,17,90,0,1,1,0,0,2,2,68
75,22,63,2,1,1,1,2,0,0,67
86,29,61,1,1,0,0,0,1,1,68
89,20,74,1,2,1,0,1,0,1,69
68,17,57,1,1,1,0,2,2,1,62
95,31,87,1,2,2,2,1,0,1,75
85,11,79,1,1,2,0,2,2,0,65
77,7,76,1,2,2,1,0,1,1,63
67,23,94,1,2,1,1,2,1,0,66
98,17,87,2,0,3,1,2,1,2,71
90,14,57,1,2,0,1,2,1,1,66
68,24,71,1,1,2,1,1,1,1,66
74,21,66,2,1,1,0,0,1,0,66
88,12,86,1,1,3,0,2,1,2,68
91,25,74,1,1,1,1,2,1,2,71
78,24,91,1,1,0,2,0,2,0,68
89,19,71,1,0,2,0,2,0,1,68
75,31,90,1,1,2,0,1,1,0,68
68,14,52,1,1,2,1,2,0,1,62
85,11,57,0,2,0,0,1,1,2,65
99,16,88,2,0,2,2,1,0,2,71
72,20,56,2,1,0,1,0,0,0,63
78,21,84,1,2,1,0,2,2,0,68
87,19,86,0,2,1,0,2,1,0,69
82,22,83,2,2,1,1,1,0,1,69
94,12,91,2,1,3,2,2,1,0,71
90,29,76,2,1,0,2,1,0,1,71
62,20,95,1,1,0,0,1,1,0,62
100,27,78,0,0,2,0,0,1,0,70
90,22,75,2,2,1,1,1,0,2,70
95,23,75,1,1,2,1,2,2,1,73
86,23,96,2,1,3,0,2,1,0,71
94,23,62,0,1,2,2,2,0,1,69
74,28,62,0,1,1,0,1,0,1,65
95,21,55,1,2,2,1,1,1,1,71
68,24,98,1,1,2,0,0,1,2,68
63,19,56,2,1,2,0,2,0,1,64
92,29,84,0,0,2,2,0,0,1,71
93,16,71,1,0,0,0,2,1,1,67
67,31,92,0,1,2,0,0,1,2,66
94,20,89,2,0,1,0,2,0,1,71
87,11,57,1,0,0,0,0,0,2,62
81,21,73,1,2,3,0,2,0,1,67
93,16,51,0,1,3,1,1,0,1,67
77,25,71,1,0,0,0,0,1,1,66
68,16,85,1,0,1,2,2,0,2,64
71,17,62,1,0,2,1,1,0,1,62
80,9,91,2,1,1,1,1,1,0,65
81,17,53,0,1,0,1,1,1,0,63
92,5,52,1,1,2,1,1,2,1,64
92,10,51,2,0,1,0,1,1,0,65
83,25,64,2,1,0,1,1,0,1,68
91,25,73,2,1,2,0,2,0,1,72
68,23,55,1,1,0,1,2,0,1,64
62,14,100,1,2,1,0,1,0,0,62
95,20,100,0,1,3,0,1,0,0,69
63,20,76,0,0,3,2,1,1,1,64
70,13,78,1,2,1,0,0,0,1,61
88,29,96,2,1,2,0,2,0,0,72
76,25,88,0,1,1,1,0,1,0,66
95,19,58,0,2,2,0,2,2,0,69
72,20,90,1,1,2,1,1,0,2,65
60,21,62,1,2,2,0,2,0,1,64
72,8,72,1,0,3,0,2,2,1,62
83,19,77,1,1,1,0,2,0,2,66
75,16,86,0,0,0,1,2,0,1,62
81,14,58,1,1,3,2,0,0,2,66
95,18,54,2,1,2,1,1,2,1,70
96,31,93,1,1,3,0,2,0,0,75
71,24,91,2,0,3,0,1,2,1,67
78,17,76,1,0,4,1,2,1,0,66
82,23,83,2,1,2,2,2,1,1,71
98,28,86,1,2,2,0,1,1,1,75
100,26,74,2,2,1,0,1,1,0,72
89,16,74,1,1,1,0,1,0,1,65
75,24,98,1,0,1,0,2,0,2,67
60,22,92,1,1,2,0,0,0,0,63
60,25,73,0,1,1,0,0,1,0,62
78,24,61,2,0,2,1,2,1,2,69
80,26,94,1,1,1,2,2,0,1,70
61,17,82,1,0,0,2,1,1,2,63
87,28,70,1,1,2,2,1,0,1,71
72,21,56,0,1,0,0,1,0,1,63
82,32,88,1,0,0,1,2,2,0,71
72,16,66,1,1,0,1,2,0,0,63
76,21,78,0,1,0,0,1,0,2,65
69,16,85,2,2,0,0,0,2,1,66
81,17,77,1,0,3,1,1,0,1,66
68,18,82,2,2,0,0,2,1,0,66
66,23,83,2,1,0,0,2,2,1,66
87,17,60,1,1,4,0,2,1,1,67
90,20,70,1,2,0,0,1,1,1,68
64,33,76,0,1,2,0,1,2,0,68
79,30,84,1,0,3,1,0,0,1,69
63,23,87,0,1,1,2,1,1,0,64
84,20,85,1,1,0,0,2,1,1,67
71,21,55,1,1,1,0,0,1,0,63
81,14,64,2,1,2,0,1,2,0,64
97,18,70,1,0,0,0,1,2,0,66
82,10,82,1,2,2,0,1,0,0,65
83,22,60,1,1,4,2,1,1,0,68
76,24,75,2,0,0,0,2,0,0,66
98,17,94,2,2,0,1,0,2,0,71
91,29,87,2,1,2,1,0,1,1,74
71,13,86,2,1,2,2,2,0,0,65
94,11,92,2,0,0,0,1,1,2,68
77,21,70,2,1,2,1,2,2,0,68
93,26,88,1,1,1,1,1,1,1,72
93,30,53,2,2,3,2,0,0,1,74
68,17,53,2,0,0,1,1,0,1,61
88,26,67,0,0,0,0,2,0,0,65
72,20,60,0,2,0,0,1,0,0,63
72,19,76,1,2,1,0,2,1,1,66
72,25,59,2,0,2,0,0,0,1,66
89,24,99,1,2,2,0,1,0,1,73
69,11,93,1,1,0,1,0,1,1,63
89,28,90,0,2,3,2,2,0,2,73
67,16,98,2,0,0,0,0,2,1,63
64,22,68,2,1,2,0,0,1,1,65
75,22,62,0,0,0,2,0,2,1,65
79,17,82,2,0,0,1,0,1,1,66
62,16,89,1,2,3,1,1,0,2,65
99,20,75,1,1,2,2,0,0,1,70
89,27,65,1,1,1,0,1,1,1,70
73,23,75,1,2,0,0,2,2,1,68
73,18,53,2,1,1,2,1,0,1,64
78,25,86,1,1,1,2,0,1,1,68
85,3,73,2,0,2,0,1,0,0,62
68,10,96,1,0,1,1,1,2,0,61
94,18,56,1,2,1,2,2,0,0,69
70,13,100,1,1,3,0,1,0,1,65
75,12,98,2,1,2,1,1,0,1,65
95,27,81,2,1,3,0,1,0,0,72
87,17,91,1,1,3,1,2,0,2,70
74,22,51,2,1,1,0,0,1,1,65
87,20,99,1,1,3,0,0,0,1,69
61,23,73,0,2,1,1,2,1,1,65
89,20,95,1,0,3,0,1,0,0,69
79,12,69,1,0,2,2,1,0,1,65
93,26,89,2,1,0,1,1,0,1,72
98,17,71,0,2,0,2,2,0,1,70
97,11,68,1,1,0,0,0,0,0,64
96,17,97,0,1,0,0,0,1,0,67
80,29,85,0,1,0,0,1,2,2,69
74,25,92,1,0,4,2,2,1,0,70
79,18,77,1,1,1,0,1,0,0,65
88,18,96,2,2,1,0,2,0,0,69
95,18,87,1,2,5,1,1,1,2,74
68,32,54,1,0,1,2,1,0,1,66
97,22,88,1,1,1,1,2,0,2,72
99,26,91,2,0,2,2,1,2,2,75
95,21,67,0,1,3,1,2,1,1,70
71,18,80,0,0,1,2,1,1,1,63
64,19,87,1,1,2,0,2,1,2,65
64,20,82,2,1,3,0,0,1,1,64
72,20,84,2,1,2,0,0,1,0,65
85,24,95,1,1,2,0,0,1,1,70
92,20,69,0,1,0,2,2,0,1,67
96,24,77,1,1,0,0,0,0,0,67
85,20,59,2,1,1,2,2,1,1,68
60,20,73,1,1,4,1,0,1,2,65
67,8,58,1,2,2,2,2,1,0,61
64,25,82,0,1,2,0,0,0,0,63
75,22,66,0,1,2,0,2,0,0,80
80,26,93,1,1,2,2,1,0,1,69
62,3,67,0,1,1,0,0,0,1,55
74,33,64,1,1,2,2,1,1,1,70
67,19,75,1,1,1,1,1,0,2,65
86,27,59,1,0,1,0,1,1,0,68
79,14,60,0,1,3,0,0,0,1,64
80,24,89,1,1,1,1,1,0,1,69
77,14,75,2,0,1,0,1,1,1,89
98,16,60,0,1,1,0,2,1,1,67
69,31,52,1,1,2,1,1,2,1,92
81,19,73,2,2,1,0,2,0,0,67
89,21,87,1,0,3,1,2,1,0,70
82,25,68,0,2,1,1,1,0,1,68
97,23,62,0,1,0,2,2,0,1,70
75,21,70,1,1,3,2,2,1,0,67
79,22,98,1,1,0,0,1,2,2,69
64,34,71,1,1,0,0,0,0,2,67
84,20,63,2,2,0,0,2,0,1,69
72,21,78,2,1,0,0,1,2,0,63
82,27,51,2,1,1,0,0,0,0,66
81,27,78,1,1,0,0,2,1,1,68
63,24,92,1,1,4,2,2,1,1,69
88,13,61,0,2,4,0,0,1,0,66
85,30,96,1,1,1,0,1,1,0,72
68,13,79,1,0,1,1,0,2,1,62
79,22,76,1,1,1,0,2,0,1,67
89,15,98,0,2,0,1,2,0,0,67
81,20,56,2,2,1,0,2,1,0,67
76,22,87,0,1,2,1,1,0,0,65
73,22,91,0,2,1,2,2,1,1,67
84,23,74,0,0,3,0,2,0,1,66
98,30,50,0,0,0,1,0,0,2,70
87,23,76,2,0,2,2,2,2,1,71
63,19,58,2,0,2,2,1,0,1,64
78,26,78,2,0,4,0,1,1,0,69
96,27,87,2,1,0,1,2,1,0,72
64,13,77,0,1,0,0,1,0,1,60
100,24,82,0,1,1,0,2,1,0,71
98,24,55,1,1,0,0,2,1,2,71
63,18,55,2,2,2,2,2,2,1,66
97,28,93,1,1,3,0,1,1,0,74
75,19,52,1,1,0,2,0,0,2,64
94,21,64,0,1,2,0,1,1,0,68
77,19,97,0,2,4,0,0,0,0,66
78,20,73,1,1,1,1,0,0,0,65
85,13,84,2,0,0,0,1,0,1,64
91,11,61,0,1,1,2,2,2,1,65
61,30,64,2,2,4,2,2,1,0,69
67,14,82,2,1,1,0,1,1,0,62
74,7,98,2,0,3,0,1,2,2,63
74,16,79,0,2,0,2,1,2,2,65
79,12,55,2,0,1,1,1,0,1,62
73,30,68,1,0,0,2,2,0,1,67
64,26,62,2,0,1,0,2,0,0,64
66,16,63,0,1,2,1,1,1,0,61
61,34,75,1,0,1,1,1,0,1,65
79,26,66,0,2,1,0,2,2,1,67
98,18,64,0,2,0,2,2,1,1,70
65,5,98,2,1,1,0,2,0,0,59
98,34,79,2,1,1,1,1,0,1,75
89,12,63,1,0,4,1,1,0,1,67
85,10,64,1,1,1,1,0,1,0,64
86,26,91,2,1,3,0,1,2,1,72
93,35,94,1,1,5,1,1,1,1,76
64,28,84,2,1,2,2,2,1,0,69
80,23,72,1,0,0,0,0,0,0,65
88,24,88,1,2,2,2,2,2,0,72
83,25,97,2,1,0,0,1,0,0,69
93,25,58,1,2,0,0,2,2,1,71
63,22,93,1,2,0,0,1,1,2,64
88,21,92,2,2,2,2,2,1,2,74
81,20,68,2,1,0,1,1,1,1,68
75,15,65,2,1,1,2,2,0,2,66
74,18,78,1,1,0,0,2,2,2,65
85,10,64,1,2,2,2,1,2,0,67
96,19,57,1,1,0,0,2,0,2,69
80,14,98,0,2,2,0,0,0,2,66
93,13,75,2,1,1,0,2,1,1,69
76,21,74,1,1,2,0,1,1,1,67
64,28,56,1,1,1,1,0,0,1,64
62,26,75,2,2,2,1,1,1,1,67
62,11,87,2,0,3,0,2,0,2,61
75,14,62,0,1,0,0,0,2,0,61
73,26,68,1,1,4,0,1,1,2,68
89,14,59,2,0,2,2,1,0,0,66
90,19,68,1,1,0,0,0,2,0,66
69,14,62,2,0,1,0,1,1,2,63
71,21,51,1,1,3,2,1,1,1,66
82,12,77,1,2,0,1,1,1,2,66
66,16,79,1,2,0,1,1,2,2,66
65,22,66,1,1,2,0,0,1,2,65
98,10,82,1,1,2,1,2,2,1,69
92,23,52,2,1,1,0,2,2,2,71
67,20,67,2,2,1,1,2,1,2,66
76,23,57,1,1,1,0,0,1,2,66
74,21,61,2,1,0,0,2,0,0,65
92,28,69,1,0,4,0,1,0,1,71
80,21,75,2,1,3,0,1,1,2,69
65,17,55,0,0,2,0,2,0,1,61
90,21,55,1,2,1,0,1,0,2,70
76,23,84,1,1,2,1,2,2,2,70
71,20,70,1,1,0,0,0,2,2,65
75,20,59,0,1,2,2,0,1,1,64
80,16,62,2,2,0,2,1,2,0,68
74,16,86,1,0,1,0,1,0,0,63
70,12,53,2,1,2,1,2,0,1,63
76,30,75,1,1,3,1,2,2,0,71
61,13,68,0,2,1,0,1,1,0,58
91,16,91,1,1,1,0,1,1,1,68
67,16,90,2,1,1,0,1,2,2,65
62,25,84,1,1,2,1,2,0,0,65
86,18,69,0,2,2,0,2,1,0,68
91,27,82,2,0,0,0,1,0,1,69
93,16,82,1,1,5,0,2,2,0,71
80,22,67,1,0,2,2,2,0,0,65
68,15,94,1,0,0,2,1,1,0,64
89,33,99,1,0,2,1,2,2,1,75
88,13,66,1,2,1,0,2,0,0,67
70,22,90,2,1,1,1,1,1,2,68
96,24,75,2,2,1,1,2,1,0,72
64,22,73,1,1,3,2,2,1,2,67
99,19,69,1,2,1,0,2,2,1,72
94,19,65,0,1,1,2,0,0,2,69
88,20,96,0,0,0,2,2,2,0,68
98,19,87,1,1,0,0,0,1,1,70
89,26,72,1,1,1,1,1,0,2,69
68,33,88,0,1,2,1,0,0,1,67
78,17,86,1,1,0,1,1,0,1,63
63,12,63,2,1,4,0,2,0,0,61
76,19,59,2,1,1,0,1,1,1,66
90,35,92,1,2,0,0,1,0,0,73
75,15,91,2,1,0,1,1,1,2,67
73,30,100,1,2,2,0,1,2,1,72
84,30,51,1,2,1,2,2,0,0,69
95,17,77,2,0,2,0,2,1,1,69
62,23,85,2,0,1,1,0,0,1,63
75,30,79,1,1,0,0,0,1,0,67
66,18,86,1,1,0,0,2,2,1,63
88,19,57,2,1,1,1,0,1,0,66
64,17,50,1,1,2,0,2,0,1,62
87,14,55,1,1,2,2,2,0,1,68
71,16,69,2,1,1,2,1,0,1,65
68,13,66,0,0,0,1,1,1,1,59
97,20,94,1,2,1,1,0,1,2,72
61,15,54,2,1,0,2,1,2,1,63
78,21,72,1,1,1,2,1,1,1,68
61,11,98,1,1,0,0,0,1,2,61
79,22,75,1,0,1,0,1,0,0,65
80,25,57,1,1,2,0,2,0,0,68
73,8,65,1,0,1,1,1,0,2,61
75,27,51,1,1,1,2,0,1,2,67
87,13,98,1,0,0,2,2,2,0,66
91,30,78,1,1,3,2,2,1,2,75
81,23,85,1,1,0,0,2,1,0,68
84,16,75,1,0,2,0,0,1,2,65
68,20,98,1,0,0,0,0,0,2,64
66,20,83,1,0,2,1,1,0,1,64
70,23,93,2,1,0,2,1,0,1,67
69,14,93,2,1,2,0,1,0,0,63
81,21,51,1,2,0,1,2,1,1,67
83,12,64,0,2,1,2,0,2,1,65
98,19,62,0,2,1,0,1,0,2,70
68,15,50,1,1,2,0,1,2,2,62
86,16,94,1,2,2,0,1,0,1,69
93,27,66,0,1,2,1,0,1,1,70
82,27,67,1,1,1,0,1,0,0,68
70,24,55,2,1,4,2,2,0,1,68
71,13,99,1,1,0,2,1,0,1,64
62,18,91,2,0,4,0,1,0,2,63
72,27,79,0,0,2,2,2,2,1,68
90,21,89,0,2,1,0,1,0,0,67
62,34,89,0,2,3,1,1,0,0,68
69,22,83,2,1,1,1,2,0,1,66
88,21,59,1,1,2,2,0,1,0,67
91,18,86,1,2,1,0,1,1,2,69
88,19,86,2,1,4,1,2,1,1,70
76,24,77,1,1,3,2,0,1,1,68
66,26,98,1,0,2,1,1,0,1,66
76,15,81,2,1,2,2,1,0,1,67
83,12,79,1,1,1,0,1,2,1,65
98,9,92,1,1,0,0,1,1,1,67
63,23,69,1,1,2,0,0,1,2,63
80,13,66,2,0,2,0,0,0,2,64
73,7,75,1,2,3,1,1,0,1,64
80,22,79,0,0,0,1,1,1,2,66
61,35,61,2,1,2,0,2,1,0,68
73,20,84,1,2,0,0,2,1,2,67
93,25,90,2,1,1,1,2,1,0,72
82,20,79,1,1,1,0,2,0,0,67
78,19,76,1,1,2,1,1,1,2,66
71,26,65,0,2,1,1,2,0,1,66
72,18,95,2,2,1,0,0,1,1,67
75,22,88,1,1,0,2,1,0,0,65
93,22,74,1,2,2,1,0,1,0,70
99,16,83,1,0,0,2,1,0,0,69
78,26,67,2,2,1,0,0,2,0,69
76,19,53,1,2,1,1,0,1,1,66
94,15,60,0,1,2,0,1,1,1,66
77,23,54,2,2,1,1,0,0,1,67
82,15,75,2,1,1,0,2,1,1,67
69,20,81,1,1,2,0,2,1,2,67
90,20,69,2,2,2,0,1,2,1,72
81,27,77,0,1,1,1,1,1,0,68
92,23,54,0,1,3,2,2,1,2,70
91,20,88,1,1,1,0,2,0,1,69
69,25,52,0,2,1,0,2,0,2,65
89,28,82,2,2,0,2,0,1,1,72
92,23,72,2,1,0,1,1,0,1,69
74,20,59,1,1,5,0,2,2,0,68
67,12,76,2,2,1,0,0,0,2,62
60,14,89,0,1,2,0,1,1,0,60
78,18,71,1,2,3,0,1,1,0,67
74,16,68,2,2,2,1,1,1,0,67
82,19,57,2,1,1,0,1,1,1,67
68,20,80,1,1,0,0,1,0,0,63
94,23,91,0,1,1,0,1,1,2,71
70,20,78,1,1,0,1,2,1,2,66
69,23,58,1,1,0,2,1,1,2,65
79,20,83,1,2,2,0,2,1,2,69
80,8,52,0,2,2,0,2,1,2,63
69,14,92,1,1,3,2,0,0,2,64
71,19,96,2,2,2,1,1,0,2,67
67,13,80,1,1,1,0,0,0,2,62
89,24,94,0,1,2,0,1,1,0,68
78,27,61,1,2,1,0,0,0,1,66
89,19,66,2,1,1,2,2,0,0,69
89,29,89,0,1,1,0,1,1,0,71
66,21,74,1,1,2,0,1,1,1,66
99,18,67,1,1,5,2,2,0,1,72
93,16,58,1,1,1,1,2,2,1,70
68,18,91,1,0,1,2,1,0,2,65
67,18,51,1,2,0,1,2,1,1,64
65,21,67,1,1,1,1,2,0,1,63
66,21,62,1,1,3,0,2,1,0,63
90,20,56,1,0,3,0,2,1,1,66
79,23,59,2,2,1,1,0,0,0,68
91,27,75,2,1,1,1,1,2,0,74
90,26,71,2,2,0,1,0,2,0,71
84,11,76,1,2,3,0,0,0,2,67
87,5,86,0,2,2,2,2,1,1,66
61,26,95,1,2,0,1,0,1,1,67
72,12,56,2,0,3,0,2,0,2,62
86,19,54,0,1,1,2,2,2,0,68
60,13,66,1,1,2,2,2,0,1,62
61,9,77,1,2,1,0,1,2,0,82
94,23,55,1,2,2,0,2,1,2,70
87,25,86,1,2,4,1,0,1,1,72
71,17,78,2,0,0,1,2,1,0,64
88,4,87,2,1,1,1,1,1,0,66
92,17,68,1,1,0,1,2,1,2,68
72,22,70,1,0,1,2,1,2,0,64
61,11,90,1,0,0,0,1,1,2,61
97,21,63,1,1,0,0,2,1,1,69
74,20,69,2,2,2,1,1,2,0,68
64,23,51,1,1,1,1,2,1,1,64
80,21,78,2,1,1,0,0,0,1,67
91,14,93,1,1,0,0,1,1,1,67
69,27,51,1,1,1,0,0,2,1,65
71,19,81,1,2,2,0,2,1,1,68
70,20,92,2,1,2,0,2,1,1,67
68,17,66,2,1,1,0,0,2,1,64
83,15,100,2,2,0,1,2,1,1,70
97,19,53,2,1,2,1,1,0,1,69
66,30,61,2,1,0,0,2,2,0,66
99,12,94,1,0,2,2,1,1,1,69
98,10,65,1,0,1,0,2,0,1,66
95,29,91,1,2,1,0,1,0,0,73
69,19,67,1,1,4,2,2,2,1,66
85,16,91,2,1,0,2,1,1,2,69
90,26,84,0,1,1,0,2,1,0,70
99,16,73,1,2,1,1,2,1,2,71
67,31,76,2,0,2,1,2,1,1,70
91,24,59,0,2,0,0,1,0,1,69
74,17,56,1,1,1,0,0,1,1,63
67,33,86,1,2,4,0,2,1,1,71
77,16,92,2,2,2,1,0,1,0,67
92,24,86,1,1,3,0,1,1,2,73
79,22,96,2,0,1,1,1,2,1,68
82,28,95,1,0,0,0,1,2,1,69
100,29,89,2,2,2,0,1,1,1,76
76,20,95,1,0,4,0,2,0,1,68
85,15,58,1,1,1,1,0,0,2,65
75,23,87,1,1,0,0,2,2,0,66
76,16,88,0,1,0,2,2,0,2,65
88,32,58,1,0,3,0,0,0,0,69
82,18,50,0,2,1,0,2,2,1,66
91,21,72,2,1,3,0,0,0,1,69
64,12,51,1,1,2,1,1,0,0,59
68,14,76,2,1,2,0,2,2,1,65
80,27,71,2,2,4,1,1,0,2,72
70,14,88,1,1,0,1,2,2,0,64
81,23,88,1,1,1,2,2,0,0,69
61,27,86,2,2,3,0,2,1,1,70
71,24,55,2,1,2,1,2,2,0,67
81,26,71,1,1,0,0,2,1,0,67
83,15,91,0,1,0,1,1,0,1,64
97,11,83,1,1,4,0,0,1,0,68
86,29,84,2,1,1,0,2,0,0,72
77,18,61,2,1,1,0,1,0,1,65
97,18,66,2,1,2,1,1,1,0,70
91,28,98,1,2,2,2,2,0,0,75
68,23,92,0,0,3,0,1,0,1,65
65,23,58,2,1,1,1,1,0,0,63
87,33,77,2,1,0,0,2,0,0,71
82,16,75,0,1,2,1,2,1,1,66
92,26,72,0,1,1,0,1,0,1,69
90,20,74,1,2,0,2,2,2,0,68
85,22,82,2,1,1,2,2,1,1,71
99,29,98,1,2,5,2,1,0,2,77
81,23,94,0,2,1,1,1,1,2,70
65,23,94,1,1,1,1,0,2,1,66
93,26,85,1,2,1,1,2,2,0,73
70,18,51,1,1,1,1,0,0,1,62
91,15,72,1,1,0,0,1,1,0,65
98,14,76,2,2,0,2,1,0,1,71
88,8,92,1,1,1,1,0,0,2,66
84,32,96,1,0,1,0,2,0,1,72
78,13,73,1,1,0,0,0,1,1,64
75,19,65,1,1,0,0,1,0,0,63
74,18,67,1,0,0,0,2,0,0,63
85,22,79,1,2,5,0,1,1,2,72
90,25,64,1,1,2,0,2,1,1,71
87,25,96,2,2,3,0,2,1,0,72
68,17,71,2,1,1,0,1,1,1,65
80,19,100,1,1,0,0,1,1,1,67
92,22,55,2,0,1,0,2,0,0,68
79,19,59,2,1,2,2,1,0,1,66
81,30,76,2,1,0,2,2,2,1,72
91,23,93,1,2,3,0,1,0,1,71
86,24,68,2,1,3,1,2,0,0,70
76,24,92,1,1,1,2,1,1,1,68
96,27,71,2,1,0,1,2,0,0,72
67,21,93,1,0,1,1,1,0,2,66
100,12,64,1,1,1,0,2,1,1,69
65,22,74,1,0,2,1,2,1,2,65
61,16,64,2,2,1,0,2,0,1,62
96,17,61,2,2,1,1,2,0,0,69
70,24,71,1,1,1,0,0,1,1,65
89,27,67,0,1,2,1,1,0,1,69
92,20,89,2,0,1,0,1,0,1,69
100,30,68,1,2,2,2,1,1,0,75
72,21,100,2,2,3,1,2,0,1,70
88,36,99,2,1,0,1,0,0,2,74
65,23,96,1,1,0,0,2,0,1,65
76,9,79,1,1,1,1,0,1,1,63
94,25,71,2,2,4,1,0,1,0,74
75,22,66,2,2,0,2,1,0,0,67
84,28,51,1,1,3,2,2,1,1,71
80,24,82,0,2,1,1,1,0,1,68
86,19,78,1,2,2,1,0,1,1,69
99,13,81,2,1,0,2,2,1,1,71
62,19,79,1,2,7,0,1,1,0,66
83,15,57,1,1,0,2,2,1,0,65
95,17,85,0,1,1,1,0,0,0,66
79,24,68,0,0,2,0,0,0,2,65
63,30,76,1,1,1,2,1,1,1,67
82,22,68,1,2,2,2,1,0,2,70
73,13,51,1,1,1,2,2,0,1,63
66,23,94,0,0,1,2,1,1,0,64
94,27,57,1,1,1,0,1,1,1,71
81,16,79,2,1,2,1,2,0,1,68
97,19,94,0,1,2,2,1,2,1,72
92,20,61,2,1,2,1,1,2,1,71
88,15,71,0,0,1,2,2,0,1,64
60,24,69,0,2,1,0,1,1,1,64
77,19,54,1,2,3,1,0,2,0,66
96,15,74,1,2,2,0,2,0,1,68
67,17,51,1,2,3,0,2,0,1,65
71,24,74,1,1,1,0,2,1,1,67
81,18,55,0,1,3,0,0,0,0,64
71,30,95,1,2,1,1,1,1,2,70
68,18,83,2,1,1,1,2,0,0,65
84,21,53,0,1,2,0,0,1,0,65
64,26,91,1,2,1,0,2,1,2,68
62,11,68,2,1,2,0,0,2,1,61
89,11,63,1,1,0,1,1,1,1,65
82,28,80,1,1,1,0,1,0,1,69
77,17,54,1,1,1,1,2,0,0,64
83,35,53,0,1,1,0,1,0,1,69
75,17,81,1,2,3,2,1,2,0,67
97,21,99,2,1,1,2,1,1,2,74
62,29,74,1,2,1,1,0,0,1,66
87,32,71,2,1,0,1,1,2,1,72
96,32,97,0,1,1,1,1,0,0,73
92,27,62,1,2,0,1,2,1,2,73
67,26,62,1,0,0,0,0,1,2,63
72,24,95,1,2,3,2,0,0,1,69
89,25,82,0,0,2,2,1,0,2,71
63,17,53,1,2,1,1,1,0,2,63
92,15,84,2,1,0,0,2,2,1,69
89,20,91,2,2,3,1,1,1,0,72
89,19,64,0,2,2,2,2,0,1,68
64,17,69,2,0,1,0,0,1,1,62
89,24,60,2,0,1,0,1,0,1,68
87,26,82,1,1,1,2,0,0,2,71
93,21,83,0,1,1,0,1,2,0,67
62,29,53,2,0,0,1,2,0,2,65
61,13,84,1,0,1,2,1,1,2,60
75,19,83,2,1,2,0,1,2,2,68
66,16,52,1,0,1,0,0,1,1,59
97,20,81,1,2,2,0,1,0,2,71
94,29,95,1,0,2,1,1,0,1,70
60,24,66,0,0,1,1,1,1,1,62
67,14,53,1,1,2,1,1,2,1,62
61,31,84,1,2,2,0,1,1,1,68
73,27,80,1,1,3,0,0,1,0,68
96,23,99,1,1,3,0,2,0,2,74
64,19,62,1,0,0,1,2,2,1,61
84,14,70,1,1,1,1,1,0,1,67
78,18,73,0,1,1,0,2,2,1,65
65,31,71,0,1,1,0,1,0,1,65
68,29,89,1,1,0,1,1,1,1,67
61,17,58,2,1,2,0,2,0,0,61
77,13,70,1,1,3,0,1,1,1,64
71,21,58,0,2,1,1,2,1,2,64
95,9,97,1,1,1,1,1,0,1,67
84,22,59,1,1,0,1,2,2,1,69
85,19,71,1,2,1,2,2,1,0,69
81,17,54,1,2,4,0,2,0,1,67
64,10,96,2,1,1,0,1,1,1,62
78,23,81,2,0,0,0,1,0,1,66
100,17,98,1,2,0,1,2,1,0,72
93,13,52,1,1,2,1,2,1,0,67
96,3,59,2,2,2,1,0,0,1,66
93,20,69,0,0,2,0,1,0,1,67
64,31,81,0,2,1,0,2,1,0,67
69,30,66,1,1,0,2,2,1,1,68
60,17,86,1,2,0,0,2,0,1,63
72,16,58,2,1,1,0,0,1,0,62
64,23,80,1,2,3,1,0,1,0,65
79,14,70,1,1,1,1,2,0,1,65
87,22,75,2,1,0,1,2,1,1,70
95,25,78,1,0,7,0,2,0,1,73
90,27,53,1,2,1,2,2,1,1,73
98,19,96,0,1,2,0,0,0,1,68
62,19,89,0,1,3,0,2,1,2,63
60,15,72,0,1,2,0,2,2,2,62
86,15,77,1,2,0,2,2,1,1,69
72,19,52,2,1,2,2,1,1,1,66
70,22,75,2,1,0,2,2,1,2,68
73,25,71,1,2,0,1,2,0,0,67
71,15,69,2,2,2,1,0,0,0,65
80,29,91,1,0,1,1,2,2,2,70
78,18,59,1,0,0,0,2,2,2,64
80,20,59,0,0,2,0,1,1,2,65
87,16,76,1,1,1,2,1,0,2,67
75,5,84,0,1,0,2,1,2,1,62
70,25,51,1,1,3,0,2,0,2,66
67,24,77,2,2,0,1,2,2,0,68
74,18,65,0,1,0,1,2,1,2,64
90,20,88,0,2,3,0,0,0,1,69
90,23,73,1,1,1,0,2,2,0,69
87,11,92,1,1,1,0,2,1,1,67
69,17,70,1,1,0,1,1,0,0,61
84,25,91,1,2,1,2,2,1,0,70
83,12,86,1,0,1,1,0,2,0,65
79,22,91,1,1,0,1,2,0,0,66
82,12,91,1,0,3,2,0,0,1,66
80,23,74,2,1,4,0,0,1,1,69
83,20,68,1,1,1,0,2,1,2,67
89,10,88,2,2,2,2,2,2,1,71
64,27,68,2,2,1,0,1,0,2,68
90,16,54,1,1,2,0,2,1,2,67
65,15,93,1,2,2,0,1,0,0,63
63,21,70,1,1,1,1,2,2,0,64
99,27,57,1,2,3,1,1,0,1,73
98,14,82,1,1,1,0,2,0,2,69
62,20,94,0,2,1,0,2,1,2,65
78,23,93,0,2,0,2,2,1,1,70
67,24,78,1,2,1,0,2,0,0,67
79,21,54,0,1,3,2,2,0,2,67
93,18,85,2,1,0,0,2,0,1,70
98,15,80,0,2,2,2,0,2,0,69
85,21,61,1,2,2,0,1,1,2,68
74,14,95,2,1,1,1,2,0,2,66
72,23,69,1,1,2,0,2,2,0,67
96,25,55,0,1,2,0,1,1,2,71
95,6,96,1,2,4,0,1,0,1,68
82,14,52,1,2,3,0,0,0,2,66
73,24,71,1,0,0,0,1,0,2,64
72,32,93,1,2,1,2,1,0,0,71
61,20,63,0,0,1,1,2,1,1,61
93,16,55,2,1,2,1,1,0,1,67
78,19,56,0,1,3,1,1,2,0,65
73,28,70,1,2,0,1,0,0,0,66
79,16,71,2,2,2,0,1,0,1,68
93,15,86,1,1,0,1,1,0,1,66
65,17,62,1,1,2,0,2,1,1,63
94,14,85,0,0,1,0,1,2,0,66
96,21,100,2,1,1,1,2,2,1,73
98,30,93,0,1,1,0,2,0,1,88
76,22,82,1,1,0,0,1,1,2,67
69,18,97,2,2,2,1,2,1,1,69
75,18,100,0,1,2,0,2,0,2,67
73,11,79,2,1,1,0,1,0,1,64
67,25,64,2,1,0,0,1,0,1,64
84,20,96,1,0,1,0,0,0,0,65
79,19,92,1,1,1,0,2,1,2,68
95,39,54,2,1,2,0,2,1,2,77
61,22,97,1,1,0,0,0,0,2,63
86,15,68,2,2,0,1,1,2,1,69
91,17,66,1,1,3,1,2,1,1,69
90,27,67,0,1,2,2,0,1,1,70
95,21,66,1,2,1,1,2,1,2,73
89,11,76,0,1,1,2,1,1,1,66
97,26,79,0,1,2,0,2,0,2,71
73,16,71,0,1,2,1,2,2,1,66
80,31,71,1,1,2,0,1,0,2,71
61,26,87,0,1,3,0,2,2,1,66
60,17,50,2,1,0,0,2,0,2,63
70,28,97,2,2,5,0,0,0,1,70
64,20,86,1,2,1,2,1,1,1,66
70,25,85,1,1,1,0,0,1,1,66
67,23,71,1,1,2,1,1,1,2,66
61,15,98,1,1,1,0,1,1,1,62
96,16,50,1,1,1,1,2,1,2,69
60,26,54,2,0,1,2,2,0,0,63
89,18,90,0,1,1,2,2,2,0,68
66,18,87,2,1,1,0,2,1,1,64
96,14,64,2,0,2,2,1,0,2,69
96,23,80,1,0,3,0,2,0,0,71
86,32,77,1,1,2,0,0,1,1,71
87,14,76,1,1,1,1,2,0,1,66
60,20,80,1,1,2,1,2,2,0,63
99,28,100,1,0,0,0,2,1,0,72
95,20,99,1,1,1,1,1,0,0,70
96,23,99,0,1,0,1,1,2,1,71
86,14,77,0,0,3,0,1,2,1,65
74,23,66,0,1,0,2,0,2,0,65
96,19,78,1,0,1,0,2,0,2,67
72,26,81,1,2,0,0,1,1,2,68
83,27,66,1,1,3,1,2,1,1,70
64,36,82,1,1,2,0,2,1,1,70
97,23,81,2,0,2,0,1,1,0,72
66,22,95,2,1,1,1,1,0,1,65
69,21,62,1,1,2,0,2,0,2,65
82,18,85,1,2,3,2,1,1,2,71
91,22,73,2,2,3,2,2,2,0,74
85,18,56,1,0,0,0,2,0,0,64
69,21,66,1,1,1,0,1,1,2,64
60,28,53,2,1,3,0,1,0,0,65
90,14,66,1,0,1,1,1,1,1,67
99,27,53,1,2,2,1,1,0,0,73
92,28,96,2,0,1,1,1,1,2,72
78,19,55,1,1,0,1,2,1,0,65
96,7,91,2,1,0,1,1,0,1,67
81,28,73,1,2,0,2,0,1,0,70
79,20,53,1,2,2,0,1,1,1,66
78,14,80,2,2,1,0,1,1,0,66
91,17,62,0,1,3,2,0,2,0,68
81,25,59,1,0,3,1,2,0,0,68
73,23,78,2,2,0,0,1,2,0,67
70,19,68,1,2,1,1,2,0,2,65
62,18,87,0,1,4,1,2,0,1,64
83,18,80,1,2,1,1,2,2,2,70
69,14,91,1,0,0,1,2,2,1,63
66,30,53,2,1,2,0,2,0,0,65
86,18,62,1,0,4,2,0,1,1,67
87,27,78,1,1,3,0,0,0,0,71
90,29,94,1,2,1,0,1,0,1,73
80,26,91,1,1,1,0,1,0,0,67
96,17,84,1,2,2,1,2,0,1,72
97,22,79,1,1,2,0,2,1,2,71
92,20,82,2,1,0,2,1,1,2,72
85,15,61,2,2,1,0,0,1,1,68
72,22,80,0,0,2,1,1,0,1,65
99,13,75,1,2,1,1,2,1,0,68
71,27,69,0,1,1,1,2,2,1,67
68,17,94,1,1,1,1,1,2,2,66
78,21,91,0,1,0,0,1,1,1,64
62,22,54,1,2,3,2,1,0,1,65
99,18,99,1,1,0,0,1,0,1,69
84,24,61,1,1,2,0,2,1,1,68
82,17,61,2,2,3,2,1,1,1,69
86,25,97,1,1,1,0,1,2,0,70
80,12,72,1,2,1,0,2,2,1,65
61,21,90,1,1,2,0,1,1,0,63
84,32,64,1,0,1,1,2,0,1,71
89,14,94,2,1,0,2,1,0,0,68
77,16,92,1,1,5,2,2,0,2,70
90,23,76,2,1,2,0,2,1,2,72
69,21,85,1,1,3,1,1,0,1,64
69,22,98,1,0,0,2,2,0,0,64
66,23,73,0,1,2,1,2,2,2,66
75,24,75,2,1,0,1,2,1,2,69
94,27,86,0,1,2,0,1,1,1,71
93,22,69,2,1,0,0,0,2,2,69
75,19,98,1,2,1,2,1,0,0,67
84,24,52,1,0,0,0,1,0,1,66
89,31,70,1,1,2,0,2,0,1,71
70,19,86,0,1,2,0,1,2,0,63
67,14,71,0,1,0,1,1,2,1,62
99,27,63,2,1,0,0,1,1,1,73
85,19,71,1,2,1,0,0,1,0,66
99,7,94,1,2,3,2,2,2,1,72
74,25,77,0,2,1,2,1,0,0,67
88,17,67,0,0,0,2,1,1,1,65
69,19,84,1,1,2,0,1,1,1,66
70,22,81,1,2,3,2,1,1,0,68
80,21,78,2,1,1,0,1,1,1,69
73,24,70,1,2,0,2,0,2,1,68
67,17,54,2,1,0,0,0,0,1,61
71,23,81,0,2,3,0,2,1,1,68
61,18,71,0,2,3,1,1,2,0,64
88,24,71,0,1,1,1,1,0,0,67
80,24,62,2,0,3,0,1,2,2,68
64,14,62,2,1,1,0,2,1,0,61
67,27,89,0,2,1,2,2,0,0,66
64,17,74,0,2,2,2,2,1,0,64
85,25,55,1,0,3,0,0,2,0,67
64,22,52,2,1,2,1,0,2,0,64
90,31,61,2,2,0,0,2,0,0,72
61,19,74,1,1,2,2,0,2,0,62
70,18,81,1,2,2,0,0,0,0,63
96,20,57,2,2,1,0,1,0,0,70
89,18,72,1,2,3,1,2,1,0,69
63,25,54,1,0,3,0,2,1,1,64
93,10,52,1,0,2,2,2,1,1,66
80,14,93,1,0,3,0,2,0,1,67
94,14,83,2,2,4,2,0,1,1,71
84,26,89,2,1,0,0,2,0,1,70
87,30,59,1,0,2,0,1,1,1,69
69,19,72,2,1,1,1,1,0,1,64
85,20,83,1,2,3,1,2,1,0,70
78,27,77,0,2,0,2,1,1,1,69
61,21,58,1,0,1,0,0,1,1,60
65,26,74,0,2,2,0,0,0,1,65
86,23,91,1,1,0,0,0,0,1,67
83,21,75,0,1,1,1,0,1,0,66
82,26,60,2,0,3,2,1,0,1,68
61,4,71,2,0,0,2,2,0,2,58
79,24,88,2,0,0,0,1,1,1,67
76,9,79,1,1,1,0,1,0,1,62
85,23,98,2,0,2,2,0,0,2,69
91,28,69,2,1,1,0,1,1,2,73
91,19,52,0,2,2,0,0,0,1,66
81,26,82,1,0,0,2,0,1,1,67
94,30,52,1,1,1,0,1,1,1,71
76,28,60,1,1,1,0,1,0,1,66
96,30,52,1,2,0,1,2,2,1,74
70,24,59,2,1,2,0,2,0,0,67
71,20,93,1,2,2,2,0,1,2,68
62,10,87,1,1,2,0,1,0,2,61
77,15,95,1,0,4,0,2,0,0,65
69,33,83,2,1,2,2,1,1,1,71
69,19,72,0,1,1,0,2,0,1,61
96,21,53,2,1,0,1,1,0,1,70
93,23,87,0,1,2,0,1,1,1,70
82,20,69,2,1,1,1,2,1,0,69
85,30,65,0,2,2,0,0,0,2,70
79,16,64,1,2,4,1,2,0,1,67
76,21,50,1,0,2,2,0,0,0,63
97,16,87,1,1,1,0,1,2,1,70
65,12,57,1,1,1,0,2,2,1,61
77,16,76,2,0,1,2,1,0,0,64
74,20,51,1,1,2,1,0,1,2,65
80,17,81,1,1,1,1,1,1,1,65
78,16,68,0,1,3,2,2,0,2,66
81,12,82,2,2,1,0,2,1,0,66
66,20,54,1,0,2,2,2,1,1,63
81,11,63,2,0,3,2,1,1,1,66
70,25,56,1,1,0,0,2,0,2,64
67,20,82,0,2,3,0,1,0,1,65
63,11,55,1,2,3,2,2,2,0,62
91,18,81,2,0,4,0,1,2,2,71
77,15,57,1,1,1,1,1,0,0,63
85,22,97,2,1,0,1,0,1,2,70
89,28,71,0,1,2,1,1,0,0,70
87,9,56,1,1,1,1,2,1,1,65
76,19,66,0,1,2,1,2,1,1,66
75,24,95,0,1,0,1,2,1,2,68
86,21,57,2,2,1,0,0,0,1,68
80,15,90,1,2,4,0,1,1,1,69
94,18,71,1,1,3,1,2,2,1,71
67,26,94,2,1,0,1,2,1,1,68
65,20,100,2,1,2,0,1,0,1,67
85,31,53,1,2,2,0,2,0,1,72
72,20,90,1,2,2,0,1,1,2,68
61,16,53,1,2,0,0,2,2,0,60
96,11,66,2,1,2,0,1,0,2,68
69,9,82,1,2,1,0,2,2,2,65
97,10,72,2,0,0,2,1,0,2,67
89,22,78,1,0,4,0,2,2,0,70
91,23,98,0,1,0,0,0,0,2,70
68,11,91,1,1,3,1,0,0,0,61
69,25,68,0,2,2,1,2,2,1,68
81,17,80,2,1,1,2,0,0,2,67
67,21,52,2,1,3,0,0,0,1,62
72,30,73,0,1,0,0,1,2,1,66
73,25,80,1,2,3,0,2,2,1,69
66,18,86,2,1,2,1,0,1,1,66
68,15,95,1,1,0,1,0,2,1,64
92,7,64,1,2,1,2,1,0,2,66
67,16,95,1,1,2,0,1,1,0,63
61,19,83,2,0,1,0,0,1,0,62
85,14,54,1,1,1,2,0,2,0,65
99,19,69,2,0,0,0,0,2,0,68
73,20,74,2,2,1,0,0,0,0,65
65,19,68,2,1,1,1,1,0,0,63
83,16,56,2,2,3,0,0,1,1,68
96,21,78,2,1,2,0,2,2,0,72
91,23,57,0,2,2,0,2,0,1,69
85,13,96,1,0,1,2,2,0,0,66
73,28,93,0,0,2,1,1,0,2,68
82,19,74,0,0,1,0,1,1,1,64
64,20,53,0,1,1,0,2,0,0,61
87,24,78,1,0,0,2,1,0,2,67
89,21,80,0,1,0,2,1,1,1,68
99,26,94,1,1,2,0,2,1,2,74
70,22,53,2,1,3,0,2,1,1,67
61,16,85,2,1,2,0,2,1,1,64
82,22,78,2,0,3,0,1,1,1,69
88,13,59,1,2,0,0,0,0,1,63
92,21,56,1,1,0,0,1,0,1,67
68,20,85,1,2,1,1,1,1,1,65
70,19,67,1,1,5,2,2,1,1,67
81,19,100,1,2,1,2,0,0,1,68
73,9,95,0,1,3,2,0,0,1,62
94,17,78,1,2,1,1,1,0,1,70
79,21,82,2,0,1,0,0,2,1,67
92,21,58,2,2,2,0,1,2,1,89
83,14,95,1,2,1,0,1,0,0,65
91,28,73,1,0,2,0,1,1,1,69
73,15,76,1,1,2,0,2,0,2,64
93,26,94,0,2,6,0,0,2,1,74
71,23,50,2,1,0,0,2,2,1,64
82,16,75,2,0,0,2,0,0,1,64
69,31,81,0,1,2,1,0,1,1,67
79,13,58,0,0,2,1,2,1,2,63
73,26,53,1,2,3,0,1,1,0,68
71,26,77,1,0,0,2,1,1,0,66
99,16,77,2,0,0,0,1,0,2,68
66,28,67,2,1,1,2,2,2,1,68
91,18,94,1,1,3,0,1,0,1,69
99,22,65,0,2,3,2,1,0,1,71
61,22,76,2,0,1,1,2,2,1,65
88,19,59,1,0,2,0,1,1,1,67
70,25,51,1,1,1,1,0,2,1,65
62,25,71,1,2,0,0,2,0,1,65
76,10,76,0,1,1,2,0,2,1,80
97,28,88,1,1,2,0,1,1,2,74
60,10,72,1,1,3,0,2,1,0,59
84,26,64,1,1,2,0,1,2,0,69
80,27,80,0,1,0,0,1,2,1,66
95,13,69,1,1,1,2,2,0,1,66
63,18,62,2,2,2,0,2,2,1,65
87,13,96,1,2,3,1,1,0,0,67
87,19,77,2,2,3,0,1,0,0,69
87,18,60,0,1,2,0,2,1,2,68
98,25,84,1,1,1,2,1,1,1,73
93,28,90,2,0,1,0,2,0,1,71
62,28,88,1,2,0,2,2,0,1,67
79,17,80,1,1,1,1,2,2,0,67
76,19,76,0,2,0,2,1,2,1,66
72,10,89,0,1,3,1,0,1,1,63
78,15,85,2,2,1,0,0,2,1,65
75,26,79,0,1,2,1,0,2,1,67
77,30,83,0,1,1,1,2,0,1,69
99,13,58,1,1,1,0,1,0,1,67
64,16,51,1,2,4,1,1,2,2,66
97,20,97,2,2,2,0,1,1,0,74
85,15,89,1,0,0,1,0,1,2,66
93,23,69,0,2,0,2,2,1,0,69
74,17,58,1,1,1,1,1,2,0,63
77,20,68,0,1,0,1,2,1,1,65
76,23,86,1,0,1,1,2,0,0,64
75,20,67,1,0,0,0,1,1,2,64
97,17,90,2,0,2,0,0,1,0,69
93,19,84,2,2,5,0,0,0,1,73
64,19,81,1,1,1,0,0,1,2,62
64,18,97,0,0,2,1,1,1,0,62
77,18,95,1,1,0,2,2,1,2,68
64,30,86,1,1,1,2,2,1,0,66
85,23,60,2,0,2,1,2,1,2,68
66,18,97,2,0,4,0,1,1,1,66
81,24,61,1,0,3,2,2,1,0,69
60,18,69,1,1,0,2,1,1,1,62
73,27,91,1,0,2,1,1,2,1,68
87,22,60,1,1,2,1,0,1,0,67
79,19,82,1,0,1,0,1,0,1,65
99,23,73,1,0,0,1,0,0,1,69
95,11,81,1,1,2,0,2,0,2,67
74,13,98,0,0,0,2,2,1,2,64
62,13,90,1,0,3,2,1,2,1,62
94,21,65,1,1,5,0,1,2,0,71
96,30,53,2,1,0,0,1,1,1,72
93,33,98,2,2,0,0,0,1,0,74
65,24,79,2,0,1,2,1,1,0,66
100,23,59,0,2,2,0,2,1,1,72
70,9,81,1,2,1,2,1,2,1,65
89,17,52,1,2,0,1,2,0,2,67
96,15,59,2,1,2,0,1,1,2,70
69,16,82,1,2,0,0,0,0,1,62
96,19,70,0,0,0,0,2,0,2,66
72,17,66,1,0,2,1,0,2,1,65
99,8,83,2,0,2,2,2,1,2,70
71,24,93,2,2,2,1,2,1,0,69
98,14,84,1,1,3,0,1,2,0,70
62,21,73,2,2,2,1,0,2,1,66
88,32,83,0,1,1,2,2,0,0,73
81,14,85,1,2,3,2,2,1,0,69
79,5,89,2,2,3,1,1,1,0,66
69,18,65,1,2,4,0,1,1,1,65
88,27,56,0,1,2,2,1,0,2,70
68,32,84,2,2,0,2,2,1,1,70
82,13,56,1,2,2,2,1,0,2,67
70,23,73,2,1,1,2,2,0,2,68
98,17,62,0,1,1,1,1,1,0,68
61,19,67,1,2,0,1,0,0,1,61
68,36,74,1,1,2,0,0,1,2,70
70,11,95,2,2,0,1,0,0,2,65
77,22,84,1,0,3,0,2,2,1,66
69,23,59,1,1,3,2,1,2,1,67
80,27,94,0,0,3,0,0,2,2,69
95,21,75,2,1,1,1,1,0,1,69
88,22,60,1,1,1,0,1,0,0,67
83,18,76,0,2,0,0,1,1,1,66
64,22,60,1,0,1,0,1,2,1,63
88,18,68,1,2,0,0,1,1,0,67
67,24,90,0,2,0,1,1,0,1,64
91,18,83,0,1,2,0,1,0,1,68
77,20,61,0,1,2,0,1,1,1,65
74,27,64,0,1,1,0,1,0,2,65
94,20,99,1,0,0,1,0,1,1,70
65,9,67,2,1,1,0,1,2,1,62
83,28,81,0,2,0,0,1,0,1,68
66,15,75,2,0,0,1,0,2,0,62
88,16,51,2,1,0,1,2,1,1,68
96,16,97,1,2,0,1,1,1,1,72
77,28,54,1,2,1,2,2,2,0,70
80,7,83,1,2,3,0,1,1,0,62
97,39,91,2,2,2,0,2,0,1,79
81,26,87,2,1,2,2,1,2,1,73
80,21,90,2,2,1,1,0,0,2,68
83,20,87,1,2,0,0,1,2,0,68
88,22,72,1,1,2,0,1,0,1,69
64,23,95,0,1,1,1,2,0,2,63
93,24,96,1,1,5,2,0,2,1,74
77,23,72,1,1,2,1,0,2,1,69
63,21,74,0,1,0,0,0,0,1,61
91,19,74,0,1,4,2,1,1,0,69
75,19,64,0,1,2,0,1,0,2,64
64,19,56,1,1,2,2,2,0,0,63
85,27,63,2,0,1,1,0,0,0,68
95,24,92,1,2,2,0,1,0,1,72
98,24,93,0,0,2,1,2,0,0,69
95,21,87,0,1,2,0,1,1,0,70
60,20,67,1,1,1,2,1,1,0,63
75,18,59,1,0,0,0,2,1,0,62
93,27,78,1,1,1,2,2,0,0,72
75,26,97,2,2,1,0,1,0,1,69
84,15,92,1,1,2,0,0,1,0,66
84,22,88,1,1,2,2,1,0,1,71
75,14,88,0,0,2,1,0,0,1,62
96,12,76,0,1,2,0,2,1,1,68
80,16,58,0,2,0,0,1,1,0,63
79,25,64,1,1,0,1,1,0,1,66
100,26,79,1,2,1,1,2,1,2,75
80,23,66,0,1,1,1,2,2,2,69
67,24,89,1,2,2,0,2,2,1,68
81,23,69,1,2,5,0,0,1,1,69
93,16,56,0,2,2,0,2,0,1,67
91,23,89,1,2,3,2,0,1,1,73
92,25,85,2,1,1,1,0,0,0,71
88,25,63,1,2,2,0,2,2,1,71
70,27,99,1,1,2,0,1,0,2,68
94,24,70,0,2,1,0,1,2,1,70
96,22,84,2,0,1,0,0,2,0,71
68,26,96,2,1,1,0,1,1,2,69
65,20,58,1,2,3,0,1,0,1,63
99,15,94,1,0,2,2,1,1,1,71
95,19,85,1,1,2,1,0,0,1,69
96,16,58,1,2,2,2,2,2,1,71
95,16,83,0,1,2,0,1,0,0,68
82,19,94,1,1,1,0,2,1,1,68
86,15,90,0,1,0,2,1,1,1,66
82,18,88,1,1,3,1,0,0,1,67
62,9,58,2,0,0,1,2,1,0,59
90,21,60,1,0,1,1,0,0,1,66
80,20,77,0,0,0,0,0,1,0,64
86,15,79,1,1,1,0,1,0,1,64
80,24,97,2,1,0,0,1,0,1,69
80,26,73,0,2,1,0,1,1,2,69
67,10,65,1,1,3,0,2,1,1,61
71,15,60,2,2,0,0,0,0,1,62
66,15,53,1,0,2,1,0,1,1,61
68,14,53,1,1,1,1,2,1,2,63
99,25,79,0,1,2,1,2,0,0,71
66,19,59,2,2,1,2,2,1,1,65
71,18,93,2,2,1,1,1,0,1,68
84,8,80,2,2,1,0,2,2,1,67
84,24,93,2,0,2,0,1,0,2,70
66,13,71,1,2,3,0,1,1,1,64
92,20,80,2,1,0,1,1,1,2,71
91,22,76,1,2,2,1,1,1,0,71
69,28,99,2,1,0,0,0,2,0,67
72,12,90,0,1,0,2,2,2,1,63
98,2,80,2,0,2,0,1,0,2,66
93,21,80,0,1,3,0,1,2,1,70
88,31,62,0,1,2,0,2,0,1,70
63,27,87,1,0,3,0,2,0,1,67
77,21,99,1,0,3,2,1,1,2,69
82,17,56,0,2,3,0,2,2,0,66
67,25,82,2,1,1,2,2,1,1,67
78,14,76,1,2,0,1,0,2,1,65
84,23,93,2,2,1,2,2,2,1,72
73,23,50,2,2,1,1,2,1,1,68
91,26,57,1,2,3,1,0,1,0,72
94,37,52,1,2,1,2,2,0,2,76
73,22,58,0,1,4,1,2,0,1,65
94,17,85,1,0,1,0,2,1,1,68
64,20,57,1,1,3,1,1,0,1,65
94,9,81,1,1,0,0,2,0,0,66
66,16,93,1,0,7,0,0,0,1,63
63,18,52,0,1,2,2,2,2,1,63
86,17,51,1,1,2,2,1,0,1,66
79,21,99,0,2,2,0,2,0,1,69
96,15,84,2,1,3,2,2,1,2,72
75,27,57,0,1,3,0,0,2,1,66
71,20,65,1,1,2,0,0,1,1,64
78,18,61,2,2,1,0,2,0,0,67
74,21,88,1,0,1,1,1,1,1,66
88,25,62,0,1,2,0,1,0,0,68
90,15,70,1,1,0,0,1,1,1,65
94,16,94,2,1,2,0,0,0,2,71
99,18,51,2,1,1,2,1,1,1,71
71,12,65,1,1,1,0,1,1,1,62
89,15,74,2,1,2,1,2,1,0,69
76,17,81,0,1,4,0,1,2,0,65
87,25,51,0,2,3,2,1,1,0,70
100,21,67,1,1,0,0,2,2,1,70
89,25,51,2,1,2,2,0,1,0,70
98,19,68,2,0,1,0,1,0,1,69
93,22,97,0,2,2,0,1,1,1,71
96,19,64,1,1,1,0,1,1,1,69
93,22,79,1,2,2,2,2,1,1,73
78,17,65,1,1,1,0,1,1,0,65
70,5,55,2,2,3,0,1,0,1,62
75,19,64,2,1,2,2,0,2,1,67
61,29,74,1,0,1,2,1,1,2,65
81,26,65,1,0,1,0,1,1,0,65
80,26,81,2,1,0,1,1,1,1,70
81,27,97,1,1,1,1,1,1,0,70
99,21,53,2,1,0,2,1,1,1,71
96,21,86,0,2,1,1,1,0,0,71
66,16,50,1,1,1,0,1,1,0,62
75,18,50,0,1,4,2,2,0,1,65
77,24,57,1,2,3,1,2,1,1,84
74,27,74,1,1,2,1,1,1,1,68
92,19,52,1,2,3,0,2,2,1,70
81,17,86,2,1,1,2,1,1,1,68
83,20,51,1,1,2,2,0,0,1,67
94,24,75,1,0,1,0,0,0,0,69
92,11,84,2,2,2,0,0,0,1,68
65,6,62,2,2,3,0,1,0,1,59
89,17,79,0,2,0,1,2,1,1,67
77,13,63,2,1,0,0,2,2,0,63
72,17,61,2,2,1,0,0,1,0,65
62,19,91,1,1,1,1,2,0,0,63
79,17,67,1,1,1,0,2,0,0,64
74,29,91,1,2,3,1,2,0,2,72
70,22,61,1,0,1,1,0,0,2,63
88,22,68,1,1,2,0,1,1,1,66
91,24,55,1,1,0,1,1,1,0,67
70,13,75,2,2,1,2,2,2,2,66
62,26,69,1,1,2,1,2,1,1,66
94,20,50,1,1,1,2,0,0,0,68
60,24,73,2,2,1,2,2,0,1,66
97,14,54,1,1,3,1,0,1,1,68
85,11,92,1,1,2,0,0,1,0,65
73,25,75,1,1,0,1,2,1,0,67
70,22,85,0,2,0,0,0,2,1,64
60,15,91,2,0,0,1,0,0,0,59
69,15,53,1,1,0,0,0,2,0,60
66,27,67,2,0,1,1,0,2,0,65
84,13,51,1,1,0,0,0,0,2,64
67,30,52,2,1,1,0,1,0,1,66
81,15,52,1,1,0,2,1,1,1,65
84,24,74,1,1,2,0,2,1,1,69
72,18,73,2,2,0,0,2,1,1,66
61,17,63,1,2,1,1,2,1,0,62
61,19,62,0,1,2,0,1,1,1,60
90,20,65,1,0,4,1,2,0,0,68
73,14,82,2,1,1,0,0,1,1,64
92,24,85,2,2,0,1,2,1,2,73
77,17,67,1,1,1,1,2,0,0,64
81,14,71,1,0,1,2,1,0,0,63
89,5,76,1,1,2,1,1,1,2,65
71,19,57,1,1,2,0,2,1,1,65
65,34,62,1,1,0,0,0,1,2,67
82,25,86,1,1,0,0,2,0,1,67
73,20,99,1,1,1,0,2,1,0,66
78,18,85,2,1,1,2,0,0,2,68
86,20,53,0,1,1,0,0,0,1,65
80,23,57,0,0,1,2,1,0,1,66
85,13,72,0,2,2,1,2,0,1,66
82,27,87,1,1,2,0,2,0,0,69
90,24,58,1,1,2,2,1,0,1,70
88,24,88,0,1,2,2,1,1,1,71
81,23,78,1,2,4,0,2,0,2,70
87,20,89,1,1,2,0,1,1,0,68
95,24,78,2,2,2,2,0,0,1,73
77,24,80,2,1,1,0,2,0,2,68
77,18,62,1,1,2,1,1,2,0,66
91,17,86,0,1,1,2,1,1,0,67
83,21,92,0,1,2,0,0,1,0,66
63,29,94,2,1,0,2,2,1,1,69
96,13,51,1,1,1,2,2,0,1,67
61,11,81,0,1,5,0,2,1,2,61
90,21,99,1,1,2,1,0,0,1,70
90,20,79,2,2,2,0,0,0,1,70
98,21,59,1,1,3,1,1,1,2,70
62,21,94,1,1,1,1,2,0,0,64
84,19,63,1,2,0,1,0,0,1,65
77,29,52,1,1,5,1,2,0,1,70
73,10,72,2,0,1,1,2,0,0,62
64,15,55,2,2,1,1,1,1,2,64
83,19,56,2,1,1,1,2,1,1,67
79,10,73,1,2,1,0,1,0,2,63
64,19,81,1,0,0,0,1,1,2,62
84,30,95,1,0,2,1,0,2,1,72
90,20,85,1,0,3,1,1,0,2,69
91,21,92,2,1,5,0,0,0,1,72
96,12,71,1,0,2,1,2,1,2,68
76,16,66,1,0,1,2,1,1,0,64
98,18,80,2,2,3,1,1,0,0,72
95,18,85,2,2,2,1,2,0,0,73
72,28,78,1,2,5,1,0,1,0,67
66,23,63,0,2,0,1,0,0,1,64
77,13,68,1,1,3,0,1,2,0,65
76,21,72,2,2,1,0,1,0,0,67
83,23,51,1,1,3,1,1,1,0,68
90,29,76,0,2,1,0,2,1,0,71
80,14,88,1,1,1,0,1,1,1,66
64,15,59,1,2,0,0,1,0,0,59
94,12,78,1,1,1,0,1,1,1,68
72,19,96,2,0,3,0,2,0,0,64
99,23,61,1,0,2,0,2,2,0,70
65,26,67,1,0,4,0,0,2,1,65
98,20,69,1,2,2,1,0,2,2,72
64,18,69,2,2,3,1,2,2,1,66
69,21,80,1,1,2,1,2,1,2,68
62,15,70,2,1,1,1,2,0,1,62
88,33,84,0,1,1,0,0,0,1,70
94,10,74,1,2,3,1,2,2,2,70
77,21,58,0,1,0,1,0,0,1,64
97,32,97,0,2,1,1,2,0,0,76
84,20,62,1,1,1,1,1,1,2,67
85,19,78,2,2,2,1,0,0,0,69
94,18,53,0,1,4,0,2,1,1,68
72,19,96,1,1,1,2,2,1,0,67
74,28,96,1,1,0,0,1,2,0,69
96,7,68,1,2,2,0,1,0,1,67
96,29,56,2,2,0,0,1,0,0,73
99,11,88,2,1,4,1,1,1,2,71
96,18,63,0,1,4,2,1,0,1,70
93,24,96,1,2,0,2,2,1,1,73
76,10,80,1,1,1,2,2,0,1,65
100,23,93,1,0,4,2,1,0,1,73
79,32,61,2,0,0,1,2,0,1,70
82,12,96,1,2,0,1,2,0,2,66
81,21,61,1,0,3,0,0,1,2,66
73,16,61,1,1,4,0,1,0,0,64
63,23,94,1,1,2,2,1,1,2,68
96,20,78,1,1,1,0,1,2,1,70
92,16,90,1,1,6,0,1,2,2,72
66,23,90,2,1,2,0,1,0,1,66
91,31,82,1,1,2,0,2,1,1,74
85,19,59,1,2,0,1,0,1,0,67
76,24,85,2,2,2,2,2,0,1,71
70,12,53,2,0,2,0,1,0,1,60
88,23,82,1,1,0,1,0,1,1,69
82,29,95,2,2,2,1,1,1,1,74
84,22,89,1,2,2,0,1,1,1,71
64,18,67,1,2,0,1,0,0,2,63
79,20,91,0,2,2,1,0,0,2,66
68,12,98,2,1,1,0,1,1,1,65
68,24,67,0,0,0,0,2,0,2,60
86,25,59,0,1,3,0,2,0,1,69
96,17,60,1,2,1,1,1,0,1,69
76,17,70,2,1,2,2,1,2,0,67
68,22,53,1,2,1,0,1,1,2,65
86,17,74,2,2,1,1,1,0,1,70
95,20,87,1,2,0,2,2,0,0,71
90,33,77,1,0,3,2,0,1,1,73
95,19,99,2,0,0,2,1,0,1,70
81,18,73,0,2,1,0,1,1,2,67
90,16,51,2,0,1,0,1,2,1,67
66,24,74,2,0,0,1,1,2,1,65
80,28,61,2,1,1,1,0,0,0,68
97,29,86,1,2,0,1,2,1,1,74
95,16,65,1,0,0,1,1,1,2,68
65,9,88,1,1,1,1,2,0,0,61
67,26,71,0,1,3,2,1,0,2,67
74,16,90,2,2,1,0,0,0,1,66
72,25,78,0,0,8,0,2,1,0,69
85,8,54,0,1,1,0,2,0,0,62
96,25,69,2,1,0,0,1,0,0,71
98,13,67,2,2,1,2,2,1,1,71
86,24,91,2,1,0,1,2,0,0,72
94,20,81,2,1,1,0,1,1,0,69
81,14,89,1,0,6,1,1,0,1,67
68,18,69,2,1,1,0,1,0,1,63
81,24,85,1,1,1,1,1,1,1,68
82,21,53,2,2,0,2,2,2,0,69
90,24,52,0,1,0,1,0,0,0,65
69,32,64,2,2,0,2,0,1,1,70
75,11,89,1,1,2,1,2,2,1,65
75,30,77,1,1,0,0,2,0,1,67
98,21,70,2,1,0,1,2,0,1,72
78,15,95,2,1,1,0,2,2,2,69
90,12,75,2,2,2,2,1,1,0,69
90,19,81,0,2,4,1,1,2,1,71
71,26,99,0,1,1,0,2,1,1,67
83,19,76,0,0,3,2,1,0,0,65
96,29,89,0,0,2,0,1,0,1,70
79,11,71,1,1,1,1,2,1,0,63
98,20,52,2,2,0,1,2,1,1,71
69,12,92,1,2,1,1,1,1,0,64
63,22,97,2,1,5,0,1,1,2,69
96,25,72,1,0,0,0,2,0,0,69
94,17,75,1,1,1,2,2,0,1,70
100,4,71,0,2,2,0,0,0,0,64
87,21,100,2,1,1,0,2,0,0,70
97,23,95,2,1,0,2,2,1,1,74
93,22,52,1,1,1,1,0,0,1,69
94,27,89,1,0,3,1,2,0,1,73
83,14,80,1,1,1,1,1,1,1,66
75,24,51,2,2,1,0,0,1,2,67
97,27,72,2,2,6,1,1,0,1,76
77,9,57,1,1,2,0,0,1,0,61
82,22,94,1,0,0,0,2,1,2,68
78,17,51,0,1,1,0,1,0,2,63
83,20,94,0,2,1,0,1,0,1,67
79,22,97,0,0,3,0,0,2,0,66
62,17,54,0,2,2,1,1,1,0,62
95,16,86,0,2,0,0,1,0,1,69
78,20,77,1,1,3,0,2,1,1,67
84,13,98,1,1,2,1,2,1,0,66
66,13,90,1,2,2,0,2,0,1,63
60,24,85,1,1,1,2,1,2,0,64
70,13,96,1,0,2,2,0,1,2,64
88,24,58,1,0,1,0,0,0,1,67
64,23,69,1,0,4,0,2,2,2,66
96,10,92,2,2,1,0,1,0,1,68
69,16,55,2,1,1,0,0,1,1,62
68,27,97,1,1,1,1,0,1,0,68
67,14,87,0,2,1,0,2,1,1,63
61,17,72,2,1,1,0,1,1,0,62
91,23,67,2,2,2,1,2,0,2,72
95,25,57,0,1,4,0,1,0,0,69
85,18,55,0,1,3,0,1,1,2,67
68,16,71,2,1,1,0,1,2,1,65
71,29,92,1,2,1,0,2,0,0,69
79,30,77,2,2,1,0,2,0,1,72
98,26,73,1,0,2,0,0,0,1,70
70,21,66,2,2,1,1,1,1,1,91
89,15,58,0,2,2,0,0,0,0,65
78,15,100,1,0,0,0,0,0,0,62
72,23,51,2,0,2,1,2,0,1,65
78,23,66,1,1,1,1,1,1,1,67
63,28,88,0,1,4,0,1,1,2,67
92,24,76,2,1,2,0,2,2,1,72
70,11,66,0,1,1,0,0,1,0,60
89,26,100,0,1,0,0,1,1,0,69
63,14,81,1,1,0,0,2,1,0,61
98,18,65,1,0,1,2,1,2,1,70
68,22,92,2,1,2,0,1,2,2,68
95,32,58,2,1,2,0,2,1,1,75
92,39,73,1,1,1,2,0,1,1,75
99,24,92,1,2,2,0,1,2,0,72
79,19,99,1,0,1,1,0,0,2,66
89,23,69,2,0,5,0,1,1,0,71
75,25,57,2,0,4,1,2,0,2,70
67,18,78,2,1,2,0,0,1,0,63
78,31,97,2,2,0,0,1,1,0,72
67,21,83,1,1,1,0,1,0,1,65
99,23,80,1,1,3,0,1,0,0,71
64,24,65,1,1,0,1,2,1,1,65
84,23,80,0,1,1,1,2,1,1,69
85,25,94,0,1,3,0,2,1,1,71
82,16,69,2,1,2,1,2,0,1,68
86,17,62,1,0,2,0,2,1,0,66
65,13,74,1,2,0,0,1,2,0,60
82,23,69,1,1,0,0,2,2,1,68
71,25,73,2,1,1,0,1,0,1,67
98,23,55,0,1,3,0,1,2,1,71
90,30,67,1,2,2,0,1,1,2,74
99,20,91,1,0,2,0,0,1,1,70
62,24,70,2,0,2,1,2,0,0,63
71,13,98,1,1,0,1,2,1,1,64
68,18,85,2,1,3,0,1,0,2,66
60,24,68,1,1,0,2,1,1,1,64
70,25,63,2,2,1,1,2,1,1,69
87,18,84,2,1,2,2,2,1,1,71
69,20,65,1,2,1,0,1,0,1,64
80,11,96,1,1,1,0,1,0,0,65
96,18,56,1,2,2,1,1,1,0,69
88,25,51,2,1,1,0,1,1,1,68
76,23,61,1,1,3,0,2,1,1,68
75,23,80,1,2,0,0,1,0,2,68
78,20,92,1,0,1,0,2,1,0,65
67,20,59,2,2,1,1,0,1,0,65
85,16,79,0,1,1,1,1,2,0,66
75,24,57,0,2,0,2,1,1,1,66
94,23,78,0,1,2,0,1,2,1,71
90,23,51,1,2,0,0,0,0,1,68
84,17,78,1,0,0,1,1,2,0,65
75,7,76,2,1,0,1,2,1,1,63
68,27,52,1,2,1,2,1,1,1,66
91,17,84,0,2,7,1,1,0,1,71
79,15,79,1,0,2,1,1,0,1,65
69,24,81,2,1,3,0,1,1,0,68
68,18,76,1,1,2,2,1,2,2,66
67,26,86,2,0,2,0,0,0,1,64
91,24,76,0,1,1,1,2,0,2,70
69,24,96,0,2,4,1,2,2,1,70
83,22,96,2,2,2,1,2,1,1,71
95,18,96,2,0,2,0,2,1,1,70
95,21,63,1,1,1,2,2,0,1,70
78,9,100,1,2,2,0,2,1,0,66
61,22,63,1,2,1,2,2,0,0,64
77,14,51,2,2,5,1,2,0,0,66
84,12,98,1,2,1,0,2,0,2,68
82,11,61,0,0,2,0,1,1,0,61
86,27,79,1,1,2,1,2,0,1,72
66,16,99,2,2,1,0,2,0,1,66
86,29,52,0,0,1,1,2,0,1,68
67,17,63,1,0,1,1,0,0,2,61
90,10,80,1,2,0,0,1,1,0,67
74,13,88,2,2,3,1,1,0,0,66
88,27,90,1,1,3,2,2,1,1,74
62,19,94,1,2,0,2,1,2,1,66
76,17,58,1,2,4,2,1,1,1,67
88,21,69,0,2,4,1,1,1,1,71
69,23,86,0,2,0,1,1,1,2,66
92,27,86,1,1,0,0,2,0,2,71
85,29,65,1,2,4,2,1,0,2,72
84,18,65,1,1,2,0,0,1,1,66
74,12,66,0,2,1,0,2,0,0,62
79,18,95,1,2,1,0,0,0,0,66
84,22,95,2,0,2,0,1,0,1,69
88,14,66,1,1,4,0,2,1,1,69
77,22,70,0,2,2,2,2,1,1,69
68,20,99,0,2,0,1,2,0,2,64
69,20,97,2,1,3,1,2,1,1,68
60,15,81,1,1,4,0,2,0,0,63
72,19,52,1,2,1,0,2,0,0,64
90,14,60,2,1,2,2,1,1,1,69
92,25,72,2,0,1,0,2,1,1,71
68,26,98,2,1,2,1,1,1,0,67
80,14,90,0,2,2,1,0,0,2,66
97,11,60,2,1,0,0,2,1,1,67
88,16,75,2,0,2,2,1,1,0,68
89,19,88,1,1,1,0,2,1,0,69
63,11,85,2,2,0,0,2,0,2,62
69,14,89,1,1,2,0,2,2,2,66
60,14,91,1,1,1,2,0,0,1,63
89,21,65,0,0,2,1,1,0,1,67
91,16,91,0,1,2,0,1,1,0,66
74,21,52,1,1,3,0,2,1,1,66
93,17,76,1,2,0,0,0,0,0,67
65,18,96,1,2,1,0,1,2,1,66
67,30,94,1,1,1,1,1,1,1,69
74,28,90,2,1,2,2,2,1,2,72
76,12,51,0,1,0,0,1,0,1,60
74,25,94,2,0,0,0,2,0,2,68
91,25,96,1,0,3,0,1,1,1,72
64,13,83,2,1,1,0,2,2,0,64
74,25,65,1,0,0,0,1,2,2,65
93,29,74,2,2,3,0,2,1,1,76
63,13,88,1,0,0,0,0,0,1,59
98,14,91,1,1,0,0,0,0,0,67
99,26,67,1,1,4,0,2,1,1,73
64,22,66,2,1,1,1,1,1,0,64
72,23,87,2,1,3,0,1,1,0,67
75,22,84,1,2,3,1,0,2,0,69
91,22,76,0,1,1,1,1,0,1,69
84,12,71,2,2,2,1,2,1,1,67
86,26,83,2,1,2,0,2,0,1,72
90,27,52,1,0,2,1,2,0,0,86
65,19,54,2,1,0,0,1,0,1,62
93,20,79,0,1,1,2,1,1,1,69
88,11,61,2,2,2,2,1,1,0,68
83,23,89,2,2,1,0,0,1,0,99
96,23,89,1,0,1,1,2,0,1,70
88,20,85,1,0,2,0,0,1,1,68
68,27,95,1,1,0,0,2,1,0,67
77,18,57,1,2,1,2,0,0,0,66
80,23,63,2,0,0,0,2,2,0,66
62,14,63,2,1,2,1,2,0,1,62
98,20,89,1,1,3,1,0,2,2,72
65,19,76,2,1,0,2,1,1,1,64
88,21,63,1,1,1,0,1,1,0,68
80,18,57,2,1,2,2,2,0,1,66
61,19,95,2,1,4,1,2,1,2,68
97,25,85,2,0,3,2,1,2,2,75
94,17,76,0,0,3,1,1,0,2,67
81,10,98,1,0,2,1,1,0,1,65
69,30,92,1,1,2,0,1,1,1,68
65,28,59,1,1,2,0,1,0,2,67
75,12,75,1,1,1,1,0,0,2,63
70,24,74,2,1,2,0,0,1,0,67
80,17,92,1,1,0,2,0,0,1,67
99,22,57,1,1,2,1,2,1,2,73
83,22,73,1,1,0,0,2,0,2,67
96,19,82,1,1,1,2,1,2,1,71
86,15,97,1,0,2,0,0,1,1,67
79,16,95,0,2,0,1,1,2,1,68
94,15,77,0,0,1,1,2,2,1,68
79,15,80,1,2,1,0,0,2,1,66
95,20,93,0,2,0,0,1,0,0,68
72,16,87,0,1,2,0,2,1,1,63
65,24,94,2,2,2,2,1,1,1,68
94,29,95,2,0,1,0,2,1,1,74
96,21,50,1,1,1,2,2,0,1,69
98,23,66,2,1,1,0,1,0,1,70
62,23,70,0,1,3,1,2,1,2,65
80,20,84,1,1,1,1,2,1,1,68
75,24,65,1,0,0,1,2,1,1,65
85,23,66,2,1,0,1,1,2,0,68
92,13,70,2,1,4,0,1,0,0,68
71,25,98,1,1,0,2,2,0,0,66
82,25,72,1,2,0,1,2,2,2,70
88,15,57,1,1,1,0,2,2,1,66
65,20,50,2,1,0,0,2,0,1,64
93,24,62,2,1,1,1,1,0,1,70
84,19,97,1,2,1,0,0,2,0,68
98,26,98,2,0,4,1,2,0,0,74
74,34,76,0,2,2,1,2,0,1,71
64,15,82,1,1,0,0,0,0,0,61
80,12,90,0,1,3,0,1,0,1,64
63,22,53,0,2,2,2,1,2,2,64
99,24,69,1,2,0,0,2,1,1,73
62,19,82,2,1,0,1,0,0,1,62
90,29,95,1,0,0,0,1,2,1,71
81,12,86,1,2,2,2,0,1,1,68
75,24,68,0,1,2,2,1,1,2,67
85,30,83,1,0,2,1,2,1,1,71
83,32,92,1,1,1,0,1,2,0,72
71,15,69,1,2,3,2,2,1,2,66
96,17,50,1,1,1,0,0,1,0,67
72,25,58,1,2,0,1,0,0,1,66
78,18,96,1,0,4,1,2,2,1,68
82,20,52,0,0,0,1,1,1,0,64
64,20,80,1,1,1,0,2,1,2,65
97,8,70,1,2,0,0,1,0,2,66
75,20,71,2,2,1,1,2,1,2,69
63,16,70,2,2,2,1,0,1,0,64
75,17,53,2,0,1,1,2,0,1,65
84,29,56,1,2,3,2,1,0,2,72
81,12,53,1,2,1,1,2,1,0,65
88,25,53,2,0,2,1,0,1,1,70
62,18,54,1,1,2,2,2,1,1,64
71,18,85,0,1,1,0,1,0,0,62
93,25,56,2,1,0,0,1,0,2,69
63,22,63,0,2,1,2,0,1,0,62
94,23,83,0,0,2,0,2,0,1,69
93,18,96,2,1,2,0,2,1,1,71
74,16,74,2,1,4,0,2,0,0,66
84,13,98,1,2,0,0,1,0,1,64
66,15,60,2,1,2,0,0,2,2,63
63,38,52,2,1,1,1,2,1,2,69
69,27,80,2,2,1,0,2,1,1,68
65,12,66,2,2,0,0,1,1,1,63
72,12,79,1,1,1,1,2,2,2,64
81,23,74,0,1,0,2,1,0,1,66
84,23,73,2,1,1,0,2,2,1,71
92,23,93,1,2,0,0,0,2,2,72
86,18,60,1,2,2,1,1,0,1,88
84,19,75,2,1,1,1,0,0,0,66
76,22,71,1,1,0,0,1,0,1,65
79,21,84,1,0,2,0,1,1,0,66
77,7,53,1,0,4,1,2,0,2,62
94,19,76,0,1,4,0,0,0,1,68
69,15,74,1,1,2,2,1,0,2,65
60,21,99,2,0,0,0,2,0,0,62
86,38,88,1,2,1,0,0,0,2,74
68,22,58,0,1,0,2,1,1,1,64
94,26,89,1,1,0,0,1,0,1,70
63,23,76,1,2,2,0,2,1,1,65
64,23,68,2,1,3,0,1,0,0,66
80,24,69,1,1,0,1,2,1,0,67
84,32,68,2,1,1,0,2,0,1,73
71,13,51,2,1,4,1,2,2,0,65
89,23,87,2,2,4,1,1,1,1,74
84,14,81,1,1,0,1,1,2,1,66
73,23,63,1,1,1,0,2,2,1,67
61,14,82,1,1,0,0,1,0,0,58
90,17,65,2,2,2,2,2,0,1,71
69,18,62,2,0,1,0,1,1,2,63
93,26,87,2,0,1,1,2,1,1,73
77,26,90,1,2,1,0,1,1,1,68
83,13,81,1,0,4,1,0,0,1,66
95,20,89,1,0,3,0,0,0,1,68
95,16,68,0,1,2,0,1,1,0,66
75,12,54,2,1,1,0,0,1,0,62
68,19,80,1,1,0,0,1,1,1,78
91,18,63,1,1,1,1,0,1,1,68
77,35,89,2,2,5,1,2,2,1,77
68,23,68,0,2,1,1,1,1,1,65
96,12,84,2,2,3,2,2,2,0,73
68,17,78,0,1,4,1,2,0,1,64
61,26,91,2,0,0,1,2,2,1,67
61,33,92,1,2,1,0,2,1,1,69
85,10,53,0,0,1,0,1,0,2,60
86,9,65,1,2,0,1,2,1,2,66
72,31,94,2,0,2,0,2,0,2,70
73,22,70,1,2,2,1,2,0,0,66
74,15,76,1,2,1,0,1,1,1,64
87,23,59,2,1,1,1,1,2,1,70
69,22,91,1,1,0,0,1,2,0,64
100,26,60,1,0,2,0,2,1,1,72
67,14,68,1,1,1,0,1,0,0,60
91,21,55,1,1,2,0,1,2,2,70
69,14,79,0,1,1,2,0,2,1,62
63,22,97,1,1,1,0,1,2,1,66
94,18,51,1,0,1,1,1,0,1,65
76,14,71,1,2,1,0,0,0,1,64
88,24,87,1,2,1,0,2,2,1,72
82,25,99,1,1,3,0,1,0,2,71
94,19,53,2,0,1,0,1,1,1,68
73,20,89,1,2,2,0,2,1,1,68
81,11,68,1,0,2,2,0,2,2,64
79,18,58,1,0,3,0,0,1,1,65
74,20,60,2,1,1,0,2,0,1,64
96,36,96,0,1,1,1,2,0,1,75
67,13,90,1,0,2,0,0,0,1,61
66,29,66,2,2,0,2,0,1,1,68
83,26,97,1,1,2,1,0,0,0,70
86,22,55,1,2,5,2,0,2,1,71
68,31,66,2,0,0,0,2,0,0,66
76,22,83,0,2,0,1,2,0,0,66
98,22,100,1,1,0,0,1,0,0,70
70,20,73,1,0,0,0,0,0,1,62
87,27,91,0,2,4,0,1,2,0,72
90,27,96,1,2,0,0,0,1,2,72
78,16,50,1,0,2,1,2,0,1,63
98,12,64,0,2,5,1,1,0,1,69
89,19,55,1,1,0,2,2,1,1,68
78,15,89,2,2,0,0,1,1,0,67
83,20,78,2,2,3,1,1,0,2,71
88,27,55,1,0,2,0,2,0,0,67
84,17,71,0,0,0,0,0,1,0,62
95,20,76,1,1,0,0,2,0,1,69
74,20,85,1,2,2,0,2,0,1,67
72,25,89,2,1,2,2,2,0,1,71
69,7,54,2,1,1,0,2,1,2,87
62,16,74,1,0,2,0,1,2,1,62
62,21,58,0,2,2,1,2,0,1,64
95,27,88,2,1,3,0,2,1,2,74
87,17,83,2,2,0,1,1,0,1,69
86,9,86,1,2,1,0,1,0,1,65
85,24,54,1,0,2,1,1,1,1,66
94,16,76,1,1,3,2,0,1,0,70
79,13,92,2,2,3,0,1,1,1,68
95,16,86,0,0,4,1,2,2,1,70
74,19,93,2,2,1,0,0,1,2,68
97,16,60,0,2,0,0,2,0,1,69
88,7,64,2,1,2,2,1,1,0,66
70,25,72,1,1,0,1,1,0,1,65
83,28,76,1,1,1,1,2,1,1,71
81,24,63,0,1,1,0,2,0,1,66
66,13,69,1,0,2,0,2,0,0,61
84,19,84,1,1,3,2,1,1,1,69
73,20,82,1,1,1,1,0,1,0,65
62,24,56,1,1,0,1,2,1,1,63
98,24,99,0,1,2,2,1,0,2,73
86,16,78,1,2,1,2,2,0,0,68
95,20,74,1,1,1,0,2,2,1,70
87,23,98,1,1,3,1,1,1,1,72
74,29,57,1,2,3,0,2,1,1,68
81,24,77,1,1,0,0,2,2,1,68
87,25,90,1,2,1,0,0,0,1,71
98,21,70,0,0,1,0,2,1,1,68
70,28,87,0,2,3,2,1,0,2,70
95,22,95,0,1,2,0,1,0,1,70
97,15,63,1,2,2,0,1,1,0,69
87,28,62,1,2,2,0,2,0,2,73
97,24,68,1,1,1,1,1,1,0,72
76,17,71,2,1,0,2,1,1,1,67
98,17,56,1,2,2,0,2,0,1,69
88,22,62,1,0,1,1,0,2,1,68
62,23,94,0,2,0,2,2,1,1,64
96,21,78,2,0,2,0,1,1,0,71
79,22,63,1,2,1,0,1,1,1,68
78,30,97,2,1,1,0,2,0,1,70
83,26,89,2,1,3,0,2,0,1,72
66,21,68,2,0,2,0,2,0,2,65
79,26,88,2,1,1,1,2,0,1,70
93,14,80,1,1,2,2,2,0,0,69
61,22,84,1,1,0,2,2,1,0,64
71,31,66,2,0,3,0,0,0,1,67
60,19,60,2,2,1,1,2,0,2,65
77,15,63,1,0,0,0,1,1,1,62
89,16,54,1,2,2,1,2,0,1,68
92,13,74,2,1,2,1,1,0,2,68
98,15,70,1,1,1,0,2,1,0,68
84,18,50,0,1,4,2,0,2,1,68
70,12,93,1,1,1,0,1,0,1,62
97,20,84,0,1,4,0,2,1,0,72
91,25,72,1,0,1,1,1,1,1,69
83,15,98,2,1,3,0,2,0,0,68
88,29,97,1,0,4,1,0,0,1,71
97,23,55,2,0,0,0,1,1,1,69
88,26,81,2,0,1,0,2,2,1,71
75,16,91,2,1,2,0,2,0,0,65
89,25,59,2,1,1,0,1,0,1,68
62,13,56,1,1,1,0,2,0,0,60
75,25,63,1,1,3,0,1,2,0,68
76,21,64,2,0,1,0,1,1,1,66
67,23,98,1,1,4,0,1,0,0,66
61,13,89,1,1,4,0,1,0,0,62
65,15,53,1,1,2,1,0,0,1,61
86,24,89,1,2,2,2,0,0,0,69
92,14,58,2,1,1,0,2,2,2,69
100,23,68,1,1,4,2,0,2,1,74
74,12,66,2,1,1,0,0,0,0,62
84,25,64,1,1,0,1,0,0,1,67
97,13,65,1,2,1,0,2,0,2,69
67,23,88,0,2,1,0,2,0,1,66
89,24,63,2,1,2,1,2,2,1,72
90,16,90,0,2,2,0,1,2,1,69
64,23,55,2,1,0,0,2,1,1,65
94,22,80,2,1,0,2,2,2,0,72
93,17,93,1,0,2,0,2,1,0,69
61,14,54,2,1,3,0,2,0,1,60
64,8,82,1,2,0,2,1,2,2,61
62,22,76,0,2,1,0,1,1,1,63
73,11,67,1,1,3,2,2,1,1,63
80,21,55,1,1,1,2,0,2,2,68
81,18,84,1,1,1,1,2,1,0,68
71,24,65,1,2,1,0,0,0,1,65
96,18,67,2,1,1,0,2,2,1,71
75,18,86,1,1,1,0,0,0,0,64
62,24,97,1,1,1,2,0,1,1,65
72,22,67,1,2,2,1,1,1,0,67
81,22,87,1,2,0,0,1,0,0,67
76,23,98,1,0,1,1,1,0,1,67
71,11,55,1,0,1,1,0,0,1,87
65,25,76,2,2,1,0,1,2,2,67
93,24,51,1,2,4,0,2,1,2,72
100,14,91,0,1,0,0,1,0,2,69
73,19,64,1,1,1,1,2,2,0,65
75,20,67,1,2,1,0,2,0,0,66
85,19,84,2,2,3,2,0,1,0,70
89,22,89,2,2,0,0,1,1,1,71
76,29,70,2,1,1,1,1,0,0,67
96,26,83,1,2,0,0,2,1,1,72
82,12,98,1,0,0,0,1,0,1,63
78,24,94,0,2,0,0,1,0,0,67
86,28,85,1,0,6,0,1,0,1,72
98,22,97,1,1,1,2,2,2,0,72
92,27,94,1,1,1,1,0,0,1,70
62,32,86,1,2,0,0,2,0,0,67
73,26,96,1,1,0,0,1,1,2,68
79,21,91,1,0,1,0,2,0,2,67
73,26,75,2,2,3,1,2,0,0,70
88,21,75,0,1,1,2,1,1,2,67
93,20,50,1,1,1,1,2,2,1,71
89,18,52,0,2,1,2,2,2,1,69
100,29,87,1,1,3,1,0,0,1,74
71,15,78,0,2,0,0,2,1,1,63
95,29,88,0,1,0,0,1,1,1,72
91,23,97,0,2,2,1,1,0,0,71
89,22,54,1,1,1,0,2,2,1,69
64,7,81,2,2,2,2,2,0,1,62
92,24,55,1,1,1,1,1,1,1,69
81,25,81,0,2,2,0,1,0,0,68
72,16,76,1,2,6,0,0,0,2,67
86,21,86,1,1,2,2,1,1,2,71
86,32,68,1,1,1,0,0,1,0,70
68,17,57,1,2,2,0,1,1,1,63
61,14,62,2,0,0,1,0,2,1,60
77,29,84,1,1,0,1,1,0,1,69
83,32,74,1,1,3,1,1,0,1,71
95,20,77,0,0,1,0,2,2,1,69
97,26,66,0,2,2,1,2,1,1,73
81,28,92,2,1,1,1,2,2,1,73
90,16,100,1,1,1,0,2,0,1,68
78,17,66,1,2,2,1,2,0,1,67
90,27,86,2,1,2,1,2,1,2,74
68,30,59,2,1,3,1,2,0,1,68
75,23,87,1,2,1,1,2,1,0,69
85,15,72,1,2,4,1,1,0,1,69
61,32,80,2,2,0,1,2,0,1,68
89,17,62,2,0,1,0,2,0,1,66
93,18,93,0,0,3,2,0,0,1,69
76,22,59,1,1,1,1,2,0,1,66
78,29,96,1,0,5,1,2,0,2,72
91,22,64,1,1,1,0,2,0,1,68
72,23,78,1,1,1,0,1,0,1,66
73,20,93,0,1,1,0,0,0,2,65
87,23,79,1,1,2,2,1,0,2,71
83,5,61,1,1,2,0,0,0,1,61
66,18,93,1,0,1,1,1,0,1,63
72,21,80,2,1,1,0,1,1,0,66
96,13,62,2,1,0,2,1,2,1,69
88,22,78,2,2,0,0,2,1,1,71
99,19,84,1,2,0,0,2,2,2,73
91,31,84,1,2,2,0,0,0,0,72
98,29,86,2,1,2,0,0,1,0,73
69,17,95,2,0,1,0,2,0,1,65
91,19,91,2,0,1,0,1,2,1,71
61,20,80,1,2,1,0,2,0,1,65
87,17,52,1,1,1,1,2,1,0,67
79,21,87,2,1,1,2,1,0,1,69
74,15,99,2,0,0,1,1,0,0,63
94,13,65,2,0,2,2,1,1,2,68
94,24,80,0,2,1,0,1,0,2,70
61,24,88,1,1,1,0,2,0,0,64
84,15,82,1,1,1,0,0,2,1,64
75,25,96,2,0,1,1,1,0,2,68
77,16,74,2,1,0,1,1,2,1,65
72,25,52,1,1,0,2,2,1,0,66
98,20,95,0,2,1,0,2,0,0,70
67,23,63,1,1,3,0,1,0,2,66
87,17,99,1,1,2,2,1,0,1,69
87,19,60,2,2,2,0,2,1,2,69
70,19,63,2,2,1,1,1,0,1,64
73,16,74,1,1,1,0,2,0,0,64
93,19,83,1,0,1,0,2,1,1,69
90,11,72,1,1,3,0,0,1,2,67
73,17,68,1,0,2,1,2,1,0,63
81,18,77,2,0,1,1,2,1,0,67
62,18,98,2,1,3,1,1,1,0,65
68,19,98,1,1,2,0,2,0,0,64
79,20,66,1,2,3,1,0,2,0,68
63,23,84,1,0,0,0,1,2,2,64
94,25,86,1,2,2,1,0,0,0,70
89,16,83,1,2,0,2,2,0,2,70
98,13,56,0,2,1,1,0,2,1,67
88,14,77,2,2,2,1,2,1,1,69
98,17,88,1,2,2,0,0,0,1,70
84,15,67,0,1,1,1,0,1,1,65
99,12,60,2,1,0,0,0,0,1,66
86,17,94,2,2,2,0,1,1,1,70
61,21,93,0,1,1,0,0,0,0,63
96,17,88,2,2,4,2,2,0,1,74
92,18,68,1,1,2,0,2,2,0,70
83,14,84,1,2,1,0,1,0,1,66
87,20,75,2,0,0,2,2,0,1,68
100,15,74,0,1,2,0,0,1,1,67
64,23,94,1,1,2,0,2,1,0,66
87,9,82,1,2,0,1,0,0,1,65
71,18,62,1,0,3,1,2,2,1,66
86,22,56,1,2,1,0,2,2,1,69
84,21,97,1,0,2,0,1,0,1,67
66,36,58,2,0,1,1,2,1,2,69
68,22,87,1,1,2,2,1,1,2,66
85,14,75,1,1,2,0,0,2,2,64
65,19,57,1,1,1,0,2,1,0,61
71,9,89,2,0,0,0,0,0,1,61
93,20,95,1,1,1,1,0,1,0,70
73,15,56,2,1,1,2,2,1,1,65
80,25,53,0,2,1,1,1,1,1,67
98,17,92,1,0,0,1,2,2,1,69
69,19,75,0,1,2,0,0,1,1,63
76,16,84,1,1,1,0,1,2,2,66
84,30,72,1,2,3,0,2,1,1,73
90,18,71,2,2,0,0,1,0,2,68
96,31,65,2,2,0,0,2,0,2,74
97,25,78,1,0,0,0,1,1,1,70
91,23,58,0,2,0,0,2,1,1,68
69,22,86,2,2,1,0,2,2,0,67
61,22,77,1,2,1,2,2,1,0,65
75,8,92,1,1,5,0,2,2,1,66
66,18,96,1,2,0,0,1,0,1,64
88,25,95,1,1,1,0,1,2,0,72
86,20,80,1,1,2,1,1,1,2,70
62,12,66,1,1,1,1,1,0,1,60
93,20,68,1,1,1,0,1,0,1,68
70,30,83,2,1,1,2,1,2,1,71
77,27,86,1,1,1,0,1,2,0,68
87,20,58,1,2,2,2,0,0,0,67
77,26,100,1,1,1,0,2,0,0,70
78,18,55,2,1,0,0,0,2,2,65
63,10,80,1,1,0,1,2,0,1,60
76,14,77,0,2,2,1,2,2,0,65
91,29,80,1,1,0,0,0,0,0,70
97,18,77,0,0,4,2,1,0,1,69
77,19,53,0,2,1,0,2,0,1,64
77,18,100,1,0,2,0,2,2,1,67
88,31,99,1,0,2,2,0,2,0,73
98,30,76,2,1,1,1,1,0,2,74
71,33,60,0,1,0,0,2,1,1,67
78,19,59,2,0,2,0,2,2,1,66
92,22,53,1,1,4,0,1,2,1,69
84,11,81,1,2,1,0,0,0,0,64
64,29,74,2,1,0,2,2,2,1,69
85,13,71,2,0,1,0,2,0,1,66
67,21,76,1,2,1,0,1,1,1,65
80,13,94,1,1,1,0,2,1,2,67
81,16,54,2,1,3,2,0,1,1,67
95,15,77,1,1,0,0,1,0,2,68
78,16,85,0,1,4,0,1,1,1,65
71,17,99,0,1,4,2,2,1,0,66
69,17,87,1,2,2,1,1,0,0,65
95,25,77,1,1,0,2,1,0,2,71
67,13,88,2,1,0,1,1,0,1,63
77,21,100,0,2,2,1,2,2,0,70
67,27,94,2,2,0,1,2,2,2,70
91,17,54,1,0,3,1,1,0,2,67
79,16,79,1,2,2,0,2,2,2,68
74,19,89,0,1,0,0,1,2,1,63
74,27,84,2,1,3,1,0,2,0,70
94,21,71,1,1,1,2,1,0,0,69
82,17,66,1,1,1,0,2,1,1,66
89,23,81,2,0,2,2,1,0,1,70
96,13,71,2,1,1,0,2,1,0,68
96,24,70,1,1,0,0,0,2,1,70
73,22,92,2,0,0,2,2,0,1,67
61,15,82,0,2,2,2,2,1,1,64
75,15,94,1,2,1,0,0,0,0,62
96,23,81,1,1,1,2,2,0,1,71
71,16,52,2,1,0,0,1,2,0,62
72,23,84,1,0,0,0,2,1,2,66
84,7,100,2,1,3,0,0,0,0,64
78,16,90,2,0,3,2,0,0,1,66
89,20,82,1,2,2,1,1,2,1,72
96,15,73,2,2,3,1,0,1,1,71
87,14,61,2,1,0,0,1,0,1,65
68,16,85,1,1,1,1,2,1,1,65
97,22,59,2,1,1,0,0,0,1,70
71,19,94,2,1,1,0,2,2,2,68
66,7,68,0,2,0,1,0,0,2,57
64,7,70,2,1,4,0,1,0,2,59
83,16,61,0,0,0,1,1,1,1,64
65,23,74,1,2,2,1,1,1,1,67
66,4,84,2,0,2,2,1,0,0,60
72,17,65,2,2,3,2,2,0,0,67
84,28,81,1,1,1,1,0,1,1,71
93,18,69,1,0,0,1,1,0,1,67
90,22,66,1,1,0,2,2,0,0,69
70,21,93,1,2,1,1,1,0,2,68
70,7,51,1,1,0,0,1,2,1,59
99,25,86,2,2,3,1,2,1,0,75
60,21,71,1,1,0,0,0,1,0,59
95,23,86,1,2,0,0,1,1,0,71
68,44,75,0,2,3,0,0,1,0,71
98,7,54,1,1,0,0,1,1,2,66
74,30,99,0,1,1,0,2,2,1,69
78,18,54,1,2,4,1,1,0,0,65
88,22,58,1,1,3,1,0,0,0,68
84,20,71,0,2,5,0,2,0,1,68
73,17,97,1,1,1,0,2,1,2,67
82,17,65,1,2,1,0,2,1,1,68
62,11,76,1,2,3,0,1,2,2,88
60,25,67,2,1,1,1,1,1,1,66
78,18,85,0,2,3,1,0,0,2,67
65,13,75,2,1,2,0,1,1,0,63
87,17,79,2,1,3,0,1,0,1,68
69,28,61,0,2,2,0,2,1,0,65
77,17,96,1,2,1,1,2,0,1,67
68,22,56,2,2,3,2,2,1,1,67
82,16,85,1,1,1,0,1,2,1,67
65,25,94,0,1,1,0,2,0,0,64
62,31,51,1,1,2,1,1,1,1,65
98,19,67,2,0,1,0,0,1,2,70
66,24,89,2,1,0,1,2,1,1,67
88,21,86,0,2,1,0,2,0,1,68
63,28,91,1,1,1,0,2,0,1,65
64,16,70,1,2,3,0,0,2,0,63
80,24,100,2,1,1,2,1,2,1,72
79,19,68,1,2,2,1,0,2,1,68
98,21,68,1,2,0,1,2,1,2,71
91,22,61,2,1,3,2,1,0,1,70
84,19,67,1,2,0,2,2,1,0,68
78,21,60,2,1,3,0,0,2,1,68
74,29,56,1,1,2,2,1,0,0,68
98,26,68,2,0,1,2,1,0,1,71
84,25,57,1,1,4,1,2,1,0,70
83,17,75,1,2,2,0,2,1,1,67
69,15,52,1,0,0,1,1,2,1,61
62,26,72,0,2,1,1,1,1,0,64
98,25,98,1,0,1,2,0,1,1,72
73,29,68,1,2,1,0,2,0,0,67
78,16,57,0,2,1,1,0,1,2,65
65,19,65,0,1,1,1,2,2,2,64
93,10,90,1,0,0,0,2,0,1,66
61,18,66,1,1,1,0,2,1,1,62
93,26,69,1,0,2,0,1,0,1,70
66,17,89,1,1,1,0,2,1,1,64
95,24,63,0,1,3,0,2,0,0,70
89,19,74,0,1,1,0,2,0,1,66
67,22,53,2,0,0,0,0,1,1,62
83,13,59,0,0,4,0,1,0,2,63
73,21,60,1,0,2,1,2,1,2,66
67,2,73,1,1,1,1,2,0,0,58
94,19,91,2,1,1,0,0,0,1,70
76,10,68,0,1,1,1,1,2,1,63
67,25,65,1,2,1,0,0,0,1,65
75,23,66,0,1,5,0,1,1,1,67
95,29,70,1,2,1,2,2,0,1,73
75,14,95,1,1,0,1,2,1,1,82
98,30,51,1,0,0,0,2,0,2,71
98,26,81,1,1,1,2,2,0,0,73
66,19,94,2,1,1,0,2,2,0,65
67,27,71,1,2,1,0,1,0,1,67
95,13,83,1,1,1,1,1,0,0,67
76,15,79,2,2,4,2,1,1,1,69
60,16,67,2,1,0,0,1,0,0,61
71,17,57,0,1,3,0,2,1,1,64
84,14,61,2,0,1,1,2,2,0,64
92,27,53,1,0,2,1,0,0,0,68
65,18,88,0,1,1,1,2,1,1,62
64,22,77,1,1,5,0,1,1,2,66
97,17,89,0,2,1,1,1,0,1,70
90,9,65,1,2,3,0,2,1,0,67
84,22,90,1,1,2,1,2,1,1,70
91,9,65,1,1,0,0,2,1,2,65
77,20,56,1,0,1,1,2,1,1,65
90,12,77,2,1,3,2,2,1,1,70
75,32,97,1,2,1,1,1,1,2,72
70,25,71,1,1,0,1,1,0,0,65
89,21,76,2,2,1,0,2,1,1,71
77,28,73,2,2,3,1,0,1,0,71
99,15,73,2,1,1,2,0,2,2,72
74,23,61,0,0,0,2,2,1,0,64
97,21,71,1,1,2,1,1,2,2,72
97,22,75,1,0,1,2,2,1,1,71
70,28,87,1,1,0,0,1,0,0,66
92,24,57,0,2,3,1,2,1,1,71
77,22,79,1,1,2,0,1,1,2,67
97,10,83,2,2,1,2,1,0,0,69
78,14,69,1,2,0,1,2,1,2,67
90,19,77,1,2,0,2,1,2,1,71
69,13,73,2,2,1,0,2,1,0,62
68,34,67,1,1,0,0,1,1,2,67
77,29,91,0,1,2,2,0,0,2,70
90,24,99,2,2,0,1,1,0,2,72
84,20,61,2,2,3,0,1,1,1,69
88,19,94,2,1,1,0,1,1,2,70
71,14,77,2,2,0,0,0,1,1,64
79,20,72,1,1,1,0,0,1,0,65
62,22,95,2,1,2,0,0,1,1,66
93,13,96,1,0,2,0,0,2,2,68
100,22,64,1,1,2,1,2,0,1,72
76,19,68,0,1,2,0,2,2,1,65
60,9,93,0,1,3,0,1,0,1,60
67,15,75,1,1,0,2,0,2,1,63
86,18,64,0,0,3,0,2,0,0,66
84,31,98,1,0,1,2,2,1,0,73
92,23,61,1,1,4,1,2,0,0,71
70,12,81,1,1,1,0,0,0,0,59
91,23,71,0,1,5,0,1,0,1,70
88,11,73,0,1,1,1,1,1,0,63
73,26,55,1,1,1,2,2,1,1,67
82,17,63,1,0,2,1,1,0,1,65
66,19,58,0,1,5,1,2,1,1,64
78,28,87,1,2,2,2,2,0,0,71
95,12,85,2,1,2,1,0,2,1,70
77,12,90,0,1,2,0,1,1,1,63
94,16,85,1,0,3,0,1,0,1,68
84,26,56,1,1,1,1,0,1,1,67
68,11,99,2,1,1,2,1,2,1,66
83,3,59,0,2,2,0,2,1,0,63
80,17,68,1,1,0,1,0,1,1,65
76,23,85,2,1,2,0,2,0,0,66
65,27,57,1,1,2,2,0,0,1,65
77,17,59,1,0,2,0,1,1,1,65
63,18,94,0,2,2,0,1,1,1,63
64,27,67,2,1,0,0,2,0,1,65
77,9,83,2,0,1,0,1,0,1,62
72,18,93,1,1,1,1,2,1,1,66
97,21,99,0,1,1,2,0,2,1,71
75,23,61,0,0,2,0,2,0,2,64
90,17,56,1,1,0,1,1,1,0,67
81,20,87,1,1,1,0,1,2,1,68
88,5,59,1,1,3,1,0,0,1,63
70,16,79,1,0,0,1,0,2,2,64
98,23,77,2,2,1,2,1,0,1,74
81,14,78,1,0,2,2,2,2,1,68
93,20,82,1,1,1,0,2,1,0,68
75,23,93,2,2,2,2,1,1,1,69
64,18,64,1,0,4,0,0,0,1,61
87,21,78,2,0,1,0,2,0,2,69
60,14,67,0,0,3,0,2,2,0,61
79,19,66,2,1,3,0,2,2,0,67
68,24,51,2,0,0,0,1,0,1,63
85,21,80,1,1,3,1,2,0,1,68
99,16,99,1,1,0,1,1,0,0,68
79,21,88,0,1,2,0,1,2,0,67
93,24,62,1,0,1,1,0,2,2,69
80,8,86,1,2,2,0,1,0,1,64
80,27,65,0,0,1,2,2,0,0,67
97,18,88,2,1,1,0,1,2,0,70
96,23,93,2,0,5,0,0,0,0,72
91,27,67,2,0,1,0,1,2,1,71
72,12,50,1,1,1,1,2,0,2,62
82,16,65,1,1,2,2,2,0,2,67
69,18,60,2,1,3,1,0,0,1,64
78,15,81,1,1,0,0,1,1,1,64
79,30,65,1,2,1,2,0,0,1,70
93,15,52,1,1,3,1,0,0,1,68
96,17,77,1,1,1,2,1,1,1,70
77,21,94,0,1,1,0,0,1,0,65
61,13,73,0,0,2,0,2,2,0,59
94,18,69,1,1,1,0,2,1,1,69
67,22,59,1,1,2,2,2,0,2,67
85,18,69,2,1,2,0,2,0,1,68
61,19,67,1,1,1,1,2,1,0,62
76,17,100,1,2,0,0,1,2,0,65
99,11,52,1,2,0,1,1,2,1,69
64,22,62,1,1,3,2,1,0,1,65
77,31,53,0,2,1,0,1,1,2,68
72,20,93,0,2,4,0,2,0,1,68
96,21,71,1,2,3,0,0,1,2,71
95,24,90,0,1,3,0,2,0,1,71
70,12,85,1,2,1,2,2,2,2,66
63,30,96,2,1,4,2,2,0,1,71
85,21,51,1,1,2,1,1,0,0,66
73,30,60,0,2,0,0,2,0,1,66
61,31,79,1,1,0,0,2,0,1,65
65,25,85,0,2,2,2,0,0,1,66
87,23,79,0,1,2,0,1,1,1,67
68,21,79,1,1,1,2,0,2,0,66
94,19,97,1,1,0,0,1,1,1,69
62,27,96,0,2,2,0,1,0,1,66
69,21,52,1,2,0,2,0,0,0,64
100,8,71,2,2,0,2,2,0,1,70
77,13,76,1,0,1,1,1,1,0,62
88,19,68,1,0,1,0,2,0,2,67
67,22,52,1,0,1,1,0,1,1,60
84,20,74,0,0,1,2,1,2,0,66
89,27,99,1,1,0,0,2,1,1,72
73,8,54,2,1,2,0,2,1,1,63
93,21,91,0,0,1,2,0,2,0,69
84,9,60,2,2,1,1,2,0,2,66
76,25,79,1,1,2,1,2,1,1,69
82,19,69,1,2,2,1,1,1,0,68
83,23,67,0,1,3,0,0,0,1,66
67,15,94,1,1,0,2,2,2,0,63
76,28,99,1,1,1,0,1,1,2,70
74,26,69,1,1,2,2,2,0,1,68
76,24,82,1,1,2,1,2,1,1,68
90,19,78,1,1,1,0,1,0,1,67
79,23,54,2,2,1,0,1,0,0,67
98,16,52,0,2,3,1,1,0,1,69
72,25,89,1,1,3,0,1,0,0,68
77,30,70,0,1,0,0,1,1,1,67
91,26,65,1,2,0,0,1,1,0,70
82,16,99,2,2,3,2,2,1,0,70
82,22,54,0,1,2,1,1,1,1,66
62,12,63,2,2,0,0,0,0,2,61
76,23,93,2,0,2,1,0,0,1,68
71,23,71,1,0,1,2,1,0,0,64
100,9,79,0,0,1,2,2,0,1,66
95,18,96,2,1,3,2,0,1,1,73
87,18,57,0,0,3,0,2,2,1,66
74,13,61,2,2,2,0,2,0,1,65
82,22,58,2,1,0,1,0,1,1,68
94,22,75,1,1,0,0,1,0,0,69
95,19,91,2,0,1,1,1,1,2,72
66,15,63,1,1,3,0,1,1,1,63
74,26,57,1,0,0,0,2,1,1,65
73,30,70,1,2,0,1,0,1,0,69
62,17,99,0,2,2,0,0,1,1,62
84,16,51,2,1,0,2,0,1,0,66
94,23,75,0,0,3,2,1,0,1,69
75,18,83,1,2,2,2,2,0,1,67
90,19,90,2,1,0,1,1,0,0,94
85,24,87,1,1,2,0,1,1,2,71
75,9,54,1,1,2,0,2,0,0,61
66,28,73,1,2,2,1,2,0,1,68
88,20,54,1,1,0,0,0,2,0,66
94,18,81,2,2,0,0,0,2,1,71
87,19,54,1,0,3,0,2,0,0,66
61,20,52,1,0,2,2,0,0,1,60
69,10,65,1,1,0,0,2,1,0,60
63,29,97,0,0,3,0,0,1,2,66
83,20,85,0,1,1,1,1,2,1,67
90,23,50,0,0,4,0,1,1,0,67
64,26,64,1,1,2,0,0,2,1,64
94,14,51,1,1,0,1,1,1,1,66
82,23,65,0,2,1,0,0,1,2,68
88,18,84,0,2,1,2,2,1,1,70
99,25,88,1,2,3,1,2,0,1,75
63,7,90,2,2,0,0,2,0,1,86
96,19,95,1,1,3,1,0,1,2,73
65,16,68,0,1,1,0,1,2,1,61
76,23,93,2,2,0,0,0,1,1,68
94,23,86,2,1,1,1,1,0,1,70
96,16,77,1,1,1,0,2,2,2,71
80,16,98,1,2,2,2,2,1,2,71
84,19,97,1,1,2,1,1,1,2,68
88,15,95,2,2,2,0,0,0,1,70
93,25,60,1,1,1,1,2,1,0,70
65,18,60,2,1,0,0,1,1,0,62
92,3,95,0,2,3,2,1,1,2,67
79,18,70,1,1,3,1,2,1,2,68
78,14,90,2,2,1,2,1,1,1,68
77,10,84,2,2,2,0,1,0,0,64
80,13,88,2,1,1,2,2,2,1,68
98,21,51,2,0,0,0,1,1,1,69
82,28,71,2,1,1,0,1,1,0,70
98,22,93,1,1,4,0,1,0,1,73
67,16,74,1,2,1,2,2,2,1,66
89,23,85,1,0,0,2,2,0,0,68
92,17,88,1,0,1,0,1,2,2,68
87,16,56,1,0,2,2,1,1,0,65
84,13,58,1,1,2,2,1,0,2,66
83,9,86,0,2,0,1,0,0,1,62
94,18,53,0,0,3,0,1,1,0,67
93,21,67,2,1,1,2,2,1,2,73
65,19,96,0,1,2,2,1,1,1,65
94,18,79,0,2,2,0,1,2,2,70
77,14,96,1,2,3,2,1,1,1,68
70,24,65,1,2,3,0,2,1,1,67
95,12,82,1,0,2,0,0,0,2,66
77,25,64,0,1,3,1,1,0,0,65
92,14,56,0,2,1,0,1,1,0,66
71,15,100,2,2,2,0,1,0,0,66
60,11,59,2,1,2,1,2,0,2,60
80,17,59,0,2,0,1,0,2,1,66
64,26,92,1,2,2,1,2,0,0,68
90,23,90,1,1,3,0,2,0,0,72
71,26,99,2,0,1,1,2,1,1,68
78,23,54,1,1,0,2,1,0,2,67
63,13,55,1,2,0,2,2,1,2,62
71,18,72,1,1,0,1,2,2,2,66
91,15,80,1,2,0,2,2,0,1,69
66,28,52,1,1,0,0,2,0,0,64
86,13,58,1,0,0,0,2,1,1,63
87,25,83,1,2,0,1,2,1,1,72
92,31,54,1,1,1,1,2,0,1,71
64,18,97,2,0,2,0,0,1,1,64
70,24,63,2,2,0,0,1,0,0,65
96,34,94,1,1,1,0,0,1,2,75
89,16,96,1,2,2,1,2,1,1,69
86,11,75,1,1,1,2,1,1,1,65
87,9,71,0,0,0,1,1,0,0,60
77,24,64,1,1,2,0,2,2,1,69
62,9,90,2,2,4,1,1,2,2,65
91,18,60,1,0,0,0,2,2,0,67
87,23,81,0,2,5,0,1,1,0,70
79,21,78,0,1,1,1,2,0,0,66
96,23,62,1,1,0,0,1,0,1,69
73,21,99,1,1,2,2,1,1,1,69
72,28,92,1,2,1,0,0,1,0,68
95,14,51,1,1,5,1,2,1,1,70
92,16,71,0,1,2,0,1,0,2,66
81,15,68,1,2,0,0,2,1,0,65
65,25,94,1,0,1,1,0,0,1,65
69,25,63,1,0,1,0,1,2,1,65
86,23,100,1,0,0,2,0,0,1,69
75,27,60,1,1,4,2,2,1,1,69
93,13,62,2,1,0,0,1,0,0,65
98,30,83,2,2,1,0,1,0,2,76
92,29,58,2,1,2,1,1,1,0,72
75,24,94,0,1,2,0,0,1,1,67
92,31,55,1,2,3,0,2,0,1,74
74,10,99,1,1,2,1,1,1,2,66
67,17,94,2,2,2,0,2,0,1,66
61,16,92,2,1,4,0,1,2,2,66
75,24,70,2,0,5,1,0,2,2,71
96,14,76,0,1,0,0,1,0,1,66
70,25,73,2,0,1,2,0,0,2,65
68,28,99,2,0,1,0,1,2,1,69
99,24,52,0,1,1,0,0,0,0,69
91,14,98,1,0,0,0,1,2,2,68
61,27,70,1,1,2,1,1,0,1,64
97,25,82,2,1,1,1,0,0,2,73
66,20,95,2,0,2,0,1,2,2,66
82,17,65,2,1,4,0,2,0,0,67
71,8,97,1,2,3,0,1,1,1,63
63,14,64,1,1,1,0,1,0,2,61
62,31,91,1,1,4,0,2,2,2,71
65,12,64,1,0,1,1,2,1,1,61
63,21,54,0,1,1,1,2,1,0,62
90,26,91,2,2,1,0,1,2,1,74
79,12,73,1,1,2,0,1,1,1,65
74,21,70,0,0,2,0,2,0,0,64
77,26,71,0,0,1,2,1,1,1,66
96,37,63,1,2,0,0,2,1,1,76
89,10,62,1,1,4,2,2,0,1,67
95,26,74,2,1,3,0,1,0,0,71
73,19,52,1,2,1,0,2,1,1,65
75,25,82,0,0,3,2,0,1,1,68
85,23,91,1,1,1,0,1,0,0,68
85,16,86,0,2,3,0,1,2,0,67
79,21,73,0,1,1,0,1,0,1,64
76,9,78,2,0,0,2,0,1,0,60
93,22,96,1,2,1,1,2,2,2,73
77,24,78,1,1,2,0,2,2,0,69
89,26,66,1,2,0,1,1,0,1,70
71,22,65,1,1,1,1,1,0,0,64
64,21,83,0,2,2,0,1,0,2,64
74,15,79,1,2,0,1,0,2,1,65
76,16,59,1,1,0,1,1,0,0,62
93,29,84,1,1,0,1,1,2,1,72
74,19,65,0,1,1,0,2,0,2,64
83,20,75,1,1,0,0,1,1,1,67
63,15,63,2,2,4,1,0,2,0,64
67,27,54,1,0,0,0,0,1,1,61
96,24,69,2,1,1,0,2,0,1,72
84,32,87,1,1,2,0,2,1,1,70
98,15,61,2,1,4,0,2,0,1,70
100,18,88,1,1,2,1,1,1,1,71
75,21,83,2,2,1,1,2,1,0,68
72,24,75,1,1,3,1,1,2,1,68
94,19,99,2,2,0,0,1,0,1,70
100,15,94,2,2,2,1,0,1,2,73
85,25,78,1,2,2,0,1,1,0,69
92,24,78,2,1,0,0,1,1,2,71
91,15,64,1,0,1,0,2,0,0,64
74,28,96,1,1,0,0,1,1,0,68
83,27,95,1,1,0,0,1,2,1,69
93,21,87,0,2,1,0,2,0,1,70
61,23,85,2,1,1,0,2,1,1,66
73,15,63,2,1,2,2,1,1,1,65
66,20,59,2,1,4,1,2,1,0,66
69,7,88,1,0,0,2,0,0,1,61
96,25,98,1,0,0,0,2,0,1,71
61,11,55,0,2,5,0,1,2,1,60
69,29,58,1,1,1,1,2,0,1,66
72,18,61,0,0,1,1,0,1,0,61
85,19,98,1,1,2,0,0,1,2,68
81,16,85,2,1,2,1,2,0,2,68
69,18,84,1,1,2,0,2,0,1,65
67,29,75,0,2,3,0,1,0,1,65
69,5,77,1,1,2,1,0,0,1,60
80,28,65,1,0,2,1,1,0,0,67
71,22,58,1,2,2,1,0,0,1,65
98,13,89,1,2,1,0,0,2,2,70
79,14,74,1,1,1,0,1,1,1,64
62,30,63,2,1,2,0,2,0,1,68
89,14,82,1,2,2,1,0,1,2,69
73,13,60,2,1,0,1,1,2,2,65
86,27,74,1,1,2,0,1,2,1,71
71,22,60,1,1,1,0,1,1,0,65
83,14,88,2,1,0,0,0,2,0,65
91,21,66,1,1,0,1,2,1,2,68
97,14,72,0,1,1,0,1,0,2,66
70,27,88,0,0,1,0,1,2,1,65
73,26,83,2,2,2,1,2,1,0,71
79,23,70,1,0,3,2,0,1,1,68
97,22,54,1,1,2,1,1,2,1,70
64,20,50,0,2,0,0,1,0,2,62
65,13,87,2,1,1,0,2,1,0,61
80,23,97,2,2,0,0,1,1,1,70
74,14,54,1,1,2,0,1,0,2,62
66,18,62,2,2,2,0,1,2,1,65
85,22,66,1,2,0,1,2,0,0,68
98,20,73,2,1,2,0,2,1,1,70
100,14,76,0,1,1,2,1,1,0,68
75,27,86,1,0,3,2,2,1,1,69
84,34,95,2,1,1,2,1,0,1,73
94,21,73,1,1,1,1,2,1,1,71
65,15,87,2,0,0,0,1,0,1,63
88,11,56,1,2,2,1,1,1,0,66
76,22,66,0,2,1,2,2,0,0,67
76,23,85,0,1,1,0,1,1,1,66
63,20,95,2,2,2,1,2,2,1,69
88,16,94,2,1,4,1,2,1,2,72
70,13,66,2,1,1,0,0,1,1,63
72,25,62,2,1,2,0,2,0,1,67
65,25,64,1,0,1,1,0,1,1,64
95,11,64,1,1,4,0,2,0,2,68
80,30,54,2,2,1,0,2,2,2,71
83,23,57,0,1,2,0,2,1,1,67
83,28,61,0,1,1,2,0,0,1,67
76,12,50,1,1,2,1,0,1,1,64
68,12,52,0,2,5,1,1,2,0,63
90,19,85,2,2,2,1,1,1,1,72
65,23,81,1,0,2,0,1,0,0,63
64,31,97,1,2,2,0,0,1,0,67
88,24,70,1,0,1,2,2,0,1,68
68,19,72,2,0,2,1,1,0,2,64
72,14,53,2,1,4,2,0,1,1,65
79,27,58,0,1,2,2,1,1,2,68
78,14,85,2,1,2,0,0,0,1,66
88,30,62,1,1,4,1,2,0,2,73
85,18,89,1,0,1,0,2,2,1,68
86,30,85,2,1,2,2,1,1,2,72
89,24,87,1,1,3,0,1,2,1,70
72,19,85,1,1,1,1,1,0,2,66
73,17,85,1,0,3,1,2,1,2,66
78,18,77,0,0,2,1,1,1,1,66
72,23,84,0,2,2,0,0,0,0,65
99,20,76,0,2,2,1,1,0,2,71
93,16,60,1,0,1,0,2,1,1,66
60,20,70,1,1,2,2,1,0,1,63
62,7,51,1,2,0,1,2,1,0,58
65,14,63,1,2,2,0,1,0,1,61
81,13,53,2,1,2,0,2,0,0,65
94,10,71,0,2,1,0,2,2,1,67
89,9,91,2,0,1,2,1,2,1,67
69,12,70,0,2,1,0,2,1,1,62
76,16,63,2,1,0,0,2,0,2,86
80,32,77,1,2,0,1,1,1,0,71
92,17,79,1,1,1,2,2,0,1,70
94,21,88,1,1,1,1,2,1,1,71
96,22,90,0,2,2,1,1,0,2,71
80,21,85,2,2,1,1,0,2,0,70
88,20,50,2,1,2,0,1,0,1,67
64,13,50,0,1,0,0,2,1,2,60
83,29,99,2,2,0,1,1,1,1,73
70,31,63,0,2,1,0,1,1,2,67
77,10,64,2,0,1,1,0,0,2,62
85,14,87,2,1,0,1,0,1,2,67
70,18,79,0,2,1,1,2,1,1,65
62,14,73,1,1,1,0,1,0,1,61
60,23,56,1,2,0,0,0,0,0,61
61,16,54,1,2,1,0,1,0,0,60
60,33,85,2,2,4,0,0,0,0,68
64,27,56,1,2,0,1,1,0,0,65
70,21,72,2,2,3,2,1,1,0,67
69,26,87,0,2,2,2,2,1,0,67
99,27,96,1,2,0,1,2,2,0,74
72,17,94,1,0,4,0,2,1,0,64
65,15,93,2,1,2,1,1,0,0,64
82,20,68,0,1,2,0,1,0,1,67
94,25,96,2,2,6,0,0,1,2,74
87,21,84,1,1,1,1,2,0,2,69
72,11,94,1,0,1,0,2,0,2,62
89,20,52,2,2,2,1,0,1,0,69
89,20,71,1,2,1,2,0,1,1,68
87,32,91,1,2,2,0,1,2,1,74
95,12,70,1,1,4,0,2,1,1,68
95,23,94,1,1,2,0,1,1,2,73
83,29,62,0,1,4,1,0,2,0,70
77,34,52,2,1,0,0,1,1,1,69
86,18,88,1,1,2,1,1,1,1,68
93,23,81,2,1,2,1,0,0,2,71
60,23,72,1,0,3,1,1,2,0,64
100,21,92,1,1,3,2,2,0,0,71
67,19,91,1,1,1,0,1,0,1,65
79,23,66,1,0,1,2,2,2,2,68
95,5,92,2,1,1,1,1,0,0,67
69,24,67,2,1,2,2,0,1,1,67
79,21,81,0,1,2,0,1,1,0,67
65,19,60,2,1,1,2,1,0,0,63
76,32,63,1,1,0,0,2,1,1,68
67,16,72,2,2,1,2,2,0,1,66
75,18,66,1,1,1,0,2,2,2,67
75,32,56,0,1,3,1,1,1,1,68
100,15,74,1,2,2,2,1,2,1,72
100,17,76,1,1,3,2,1,0,0,70
65,19,58,2,0,3,0,0,1,0,62
89,25,59,0,1,2,1,1,0,1,69
62,21,51,0,1,0,0,2,0,0,61
61,12,52,0,1,2,0,2,0,0,58
64,17,68,1,0,5,0,1,1,1,63
99,16,57,1,2,4,1,2,1,2,71
98,20,96,1,0,1,1,2,0,0,70
68,23,60,1,2,1,0,1,0,1,64
66,23,53,0,2,2,1,2,1,0,63
70,9,70,1,2,1,1,2,1,0,63
81,26,60,0,2,2,2,2,0,2,71
83,22,53,2,0,0,2,0,0,1,65
69,28,88,2,2,2,0,1,0,0,68
90,23,78,2,1,1,0,1,1,2,70
72,27,53,2,2,3,0,1,1,1,68
97,23,73,2,1,3,0,0,0,1,69
86,28,52,1,1,0,1,2,1,1,70
77,23,68,1,2,0,0,2,2,0,67
92,19,68,2,0,2,0,1,1,1,69
72,25,87,1,1,3,2,2,1,0,68
74,23,95,1,2,2,1,0,0,1,67
97,12,57,2,1,0,1,2,0,0,67
67,12,77,2,1,2,1,2,0,1,64
62,22,51,1,2,2,0,1,0,1,63
78,21,91,2,0,1,2,0,1,1,67
92,16,68,2,1,1,0,2,1,1,70
91,21,53,1,2,1,2,2,1,2,71
97,30,66,2,1,1,1,1,1,2,74
81,24,64,2,1,2,0,2,2,2,70
64,13,88,0,0,1,1,1,1,1,59
84,19,56,1,0,0,0,1,0,1,64
91,15,78,1,0,2,0,1,1,0,67
64,18,90,1,1,1,0,1,0,1,63
67,18,87,2,0,5,1,2,0,1,66
60,17,97,1,1,1,1,0,1,1,62
84,12,50,1,0,3,0,1,2,1,65
95,19,68,2,2,3,1,2,2,1,73
87,17,68,2,2,1,0,2,1,2,70
99,2,52,0,1,0,0,1,1,0,62
63,32,91,2,1,2,0,2,2,1,68
96,27,84,0,2,1,1,1,2,1,74
93,18,76,1,1,2,0,1,1,0,96
73,20,70,2,2,1,0,0,0,2,66
99,13,95,2,0,0,2,2,0,1,69
72,30,63,2,2,1,2,1,0,1,70
96,31,67,0,1,2,1,1,1,1,73
95,21,98,0,0,1,0,2,0,0,69
90,26,53,2,2,1,0,1,0,1,71
83,21,89,0,2,0,1,1,0,0,65
65,12,86,0,1,1,2,2,1,1,62
74,21,55,1,0,3,1,2,0,2,65
92,17,99,1,1,1,1,1,1,1,68
90,19,51,0,0,1,2,0,0,2,65
96,19,67,2,1,4,0,1,2,1,72
61,20,54,2,2,2,2,2,2,1,67
92,20,53,0,1,2,1,2,1,1,68
98,14,98,1,0,0,0,2,1,1,68
92,16,86,1,1,2,1,1,1,0,66
65,12,75,2,1,0,0,0,2,2,62
63,26,55,1,1,2,0,1,1,1,65
61,7,76,2,0,1,0,2,1,2,60
85,27,66,1,2,2,0,1,0,1,70
85,28,64,1,1,1,0,1,0,0,68
99,18,81,2,1,1,2,1,1,0,72
76,4,90,1,1,2,0,2,2,1,63
73,18,72,2,1,1,0,1,1,0,63
85,20,75,1,0,1,1,1,1,0,67
97,17,56,1,1,2,0,2,2,0,69
92,29,91,1,2,1,0,1,2,0,75
77,24,92,1,0,0,0,1,2,2,67
85,14,77,2,2,2,0,2,0,1,69
94,10,59,1,0,0,2,2,1,0,65
80,18,75,2,0,2,0,0,1,1,65
69,19,55,1,1,1,1,2,0,0,63
67,23,88,1,0,2,0,1,1,1,65
60,17,66,0,1,0,0,2,0,1,58
89,23,66,2,2,0,0,2,0,0,70
64,32,97,0,0,1,1,1,1,1,66
70,25,71,0,1,2,1,0,0,1,63
72,20,89,0,1,1,0,0,0,0,62
82,19,82,1,1,2,1,2,1,2,69
76,18,66,1,1,1,0,2,2,2,66
87,27,56,0,2,0,0,1,0,1,68
62,16,90,1,0,2,2,1,2,0,62
65,20,88,1,2,0,0,0,1,1,64
80,20,58,2,1,0,1,1,1,0,65
73,17,62,2,1,2,1,0,0,0,64
72,12,88,1,1,2,0,2,2,2,65
63,22,99,1,1,3,0,1,1,0,65
96,20,92,1,0,0,1,1,1,1,70
88,23,84,2,0,2,2,2,1,2,71
65,17,96,1,1,2,1,2,1,0,65
63,27,64,1,2,1,2,2,2,1,67
99,15,50,2,0,4,0,2,0,2,68
87,30,66,2,2,1,0,1,1,0,73
77,10,99,2,1,0,0,1,1,1,64
88,23,94,2,2,3,0,2,0,0,71
90,23,53,2,1,2,0,2,1,1,70
91,15,75,2,0,4,0,1,1,1,68
79,23,54,1,2,2,1,1,0,1,68
77,28,89,2,0,3,0,2,0,1,68
60,7,69,2,1,0,1,2,0,0,59
97,23,96,1,1,2,1,1,1,1,74
84,5,53,1,1,1,2,2,0,0,62
68,14,87,0,2,2,0,2,1,2,64
97,30,70,2,2,0,2,2,2,1,76
97,17,63,1,2,2,0,2,0,1,70
100,13,76,1,2,0,2,2,0,1,69
100,32,67,2,0,4,0,2,1,1,74
70,9,82,1,2,2,0,0,2,0,62
94,14,83,1,1,2,2,2,0,2,70
93,29,54,1,0,4,0,2,0,1,71
69,31,80,0,1,4,1,0,1,0,68
64,19,86,0,2,3,2,1,2,0,66
99,13,54,1,0,3,0,0,2,2,67
72,33,83,1,2,3,0,1,0,0,71
95,30,90,1,1,3,0,1,1,1,74
60,24,92,1,0,3,1,2,1,0,65
61,15,52,0,2,1,0,1,1,1,60
79,20,85,2,2,2,1,1,1,0,69
70,19,90,1,1,2,0,2,0,0,65
88,22,70,0,1,3,0,2,0,1,69
83,29,77,0,1,1,0,1,1,2,70
63,25,63,0,2,0,2,2,1,1,65
67,14,66,0,0,0,0,1,0,0,57
76,28,75,1,1,0,0,2,1,0,68
67,22,58,2,2,2,2,1,2,1,67
92,24,69,1,1,2,0,0,1,1,70
77,29,65,1,1,1,0,1,1,1,68
64,13,62,2,2,1,1,1,0,1,62
79,20,74,1,2,1,0,1,0,1,67
64,17,92,2,2,0,2,2,1,1,66
65,11,62,0,1,2,1,1,1,1,60
94,35,63,1,2,1,1,2,0,1,75
97,9,57,1,0,4,0,1,1,1,67
93,20,97,2,1,1,2,1,0,1,71
73,24,82,0,0,0,0,0,1,1,63
71,21,55,1,2,2,2,2,2,0,67
82,19,82,1,2,2,2,0,0,0,68
89,12,59,0,2,2,0,0,0,0,65
100,21,94,2,0,1,1,2,2,1,72
65,15,62,1,1,1,0,1,1,1,61
62,7,90,2,0,1,1,1,1,1,60
88,27,60,2,2,2,0,2,0,1,72
93,26,78,1,1,2,2,1,1,1,72
94,20,96,1,0,2,1,0,1,1,70
87,21,65,1,0,2,1,0,1,2,67
98,26,54,1,1,0,2,1,0,1,71
80,21,78,0,1,0,2,0,1,1,66
97,25,59,2,2,0,0,2,0,0,72
99,18,86,1,1,1,0,1,2,1,70
94,28,80,0,1,2,0,0,2,1,71
72,22,67,0,0,2,1,0,1,2,64
68,21,85,1,1,3,1,2,2,1,66
82,12,62,0,2,2,0,2,1,0,64
78,22,96,1,1,0,0,1,0,1,67
95,15,67,0,0,3,0,2,1,2,67
64,16,88,0,2,1,0,2,1,1,64
70,15,63,1,0,0,0,2,1,0,61
90,14,86,2,2,4,0,0,1,1,99
64,33,52,1,1,3,0,2,2,0,67
73,28,65,2,1,3,2,2,2,2,72
75,32,55,0,0,1,0,1,1,1,66
85,13,73,2,0,3,2,2,1,2,68
66,20,72,0,2,1,1,2,1,0,64
94,12,68,2,2,1,0,1,2,2,69
78,16,99,2,1,0,0,2,0,0,65
97,14,62,2,0,1,2,1,1,1,66
79,27,90,2,2,3,0,2,1,0,73
66,26,67,1,1,3,0,0,1,2,66
60,24,60,1,1,3,2,1,0,0,65
81,34,82,1,1,1,0,0,1,0,71
64,11,67,0,1,1,1,1,1,2,58
76,28,91,1,1,0,0,1,0,1,68
84,27,98,1,1,0,0,1,0,1,69
71,14,61,0,2,0,2,2,0,0,63
67,26,56,1,1,1,1,0,1,1,66
91,22,66,1,1,0,1,0,2,1,69
98,19,73,0,1,3,1,0,0,1,69
64,15,65,1,2,2,0,1,1,1,63
66,16,99,2,0,1,1,2,0,1,65
98,32,89,2,0,2,1,2,2,1,76
62,20,98,1,2,0,2,1,2,2,67
99,25,69,1,0,1,2,2,0,1,70
60,15,65,0,1,1,1,0,1,1,60
95,15,70,0,2,2,0,1,2,1,68
72,26,76,1,1,1,2,0,1,1,68
98,12,87,2,0,2,2,1,0,1,70
73,18,94,2,1,1,2,1,2,2,68
86,20,73,2,2,3,0,1,0,1,69
63,21,64,1,1,0,0,0,0,1,62
70,19,66,0,2,1,1,1,2,1,64
91,22,85,1,2,2,0,2,1,0,71
81,24,78,1,1,1,0,2,0,1,68
97,24,74,1,2,0,0,1,1,2,72
77,14,60,1,1,1,2,0,2,0,64
95,18,94,2,1,6,0,1,0,1,73
78,27,89,2,1,0,2,1,0,0,69
99,25,57,1,0,1,2,2,1,1,70
98,12,68,2,1,3,0,1,0,1,69
73,22,77,0,1,1,0,1,2,1,64
95,8,73,1,1,2,1,1,1,0,66
94,20,70,1,1,1,0,1,1,2,69
68,31,86,1,2,1,0,2,0,0,68
85,14,53,0,1,4,0,1,1,1,65
63,15,74,0,2,4,0,0,0,1,62
93,25,63,2,2,2,2,2,2,1,75
67,11,54,1,1,0,0,2,0,0,60
63,16,73,2,1,0,1,1,1,1,63
76,24,59,0,1,2,1,2,1,1,66
83,16,63,1,2,0,2,1,1,1,67
94,19,75,1,0,1,1,0,1,1,68
99,24,99,1,1,0,0,2,0,1,72
78,23,84,1,0,0,1,1,0,2,66
62,22,64,1,1,0,2,1,0,1,63
90,18,69,2,1,1,1,2,2,1,71
83,22,70,1,0,2,1,2,0,2,67
78,19,58,1,1,1,2,1,0,1,66
72,23,58,1,2,2,1,2,0,1,66
80,17,57,2,2,4,1,2,0,1,68
74,19,76,1,1,1,1,1,2,2,66
90,14,84,1,2,0,2,0,0,1,68
82,20,80,1,2,3,1,1,0,1,68
95,15,99,1,0,0,0,1,2,0,68
82,13,56,2,1,2,2,1,0,0,66
70,22,99,0,2,1,0,2,0,1,66
94,21,73,2,1,0,2,1,1,0,70
82,25,61,1,2,1,0,0,2,0,68
68,17,97,1,1,2,0,0,2,2,65
85,22,73,2,0,1,1,2,1,2,70
74,23,67,1,1,3,0,0,2,1,66
94,23,61,2,1,0,2,0,1,1,68
78,15,63,1,1,1,1,1,1,2,64
89,21,99,1,1,0,0,0,1,1,69
64,22,65,1,1,2,2,1,1,0,65
76,20,99,2,1,3,2,0,1,0,69
99,7,67,2,0,1,0,1,2,0,66
92,21,62,0,2,1,0,2,1,1,68
66,33,59,1,1,3,2,2,2,1,70
71,18,71,1,2,1,0,2,1,1,65
73,16,62,1,2,0,0,1,2,1,65
86,22,85,0,1,1,2,0,1,1,68
90,22,62,1,0,0,1,2,1,0,67
90,27,92,2,2,0,0,1,0,1,72
80,12,92,2,2,1,2,2,2,2,70
92,24,64,2,0,1,1,1,2,2,72
77,24,88,2,2,1,1,0,2,0,71
65,19,93,1,0,1,1,1,1,0,64
83,22,80,2,0,2,0,2,1,1,69
98,26,68,1,1,4,0,2,0,1,73
92,25,72,2,0,1,2,0,0,1,70
83,13,89,1,2,1,2,1,0,1,68
86,25,65,1,2,2,0,2,1,1,71
97,20,67,2,1,1,2,2,0,0,71
77,20,58,2,0,0,0,1,2,2,66
73,20,70,2,1,3,0,1,2,0,68
99,19,54,2,1,0,2,1,1,0,70
95,27,66,1,1,3,0,1,1,0,72
73,19,69,2,0,1,2,2,0,2,66
79,13,63,2,1,3,0,1,2,0,65
77,18,55,2,1,3,0,1,2,2,66
66,21,76,1,2,3,0,1,0,0,65
98,27,93,0,2,0,0,1,0,0,72
76,24,67,1,1,2,1,0,2,1,68
95,15,62,1,1,0,1,0,2,2,68
68,35,64,2,0,0,0,2,2,1,67
82,22,93,1,1,2,0,1,0,0,68
61,28,76,1,2,1,0,2,1,2,67
91,19,57,2,1,3,0,0,2,0,69
83,23,85,0,0,2,0,1,0,1,65
85,25,58,1,1,2,1,1,1,1,70
62,27,53,1,2,1,0,2,1,0,64
68,26,63,1,1,2,0,2,0,1,66
63,25,58,1,0,1,1,2,2,1,64
72,18,80,2,2,1,0,0,2,2,66
85,17,74,1,1,1,0,1,1,1,67
83,22,86,0,1,3,0,0,1,1,68
84,26,76,1,1,5,0,1,1,1,71
82,19,71,0,2,1,1,1,0,1,67
71,26,76,1,2,3,2,2,0,1,69
70,29,72,0,1,1,1,2,1,0,67
65,15,52,2,0,4,0,1,0,1,61
94,15,84,1,1,0,0,2,1,1,68
85,19,98,0,0,2,0,1,1,1,67
67,22,71,1,0,1,1,1,1,0,64
67,17,71,1,1,3,0,0,1,1,63
95,28,52,1,0,3,1,0,2,2,72
90,23,95,1,2,2,0,0,0,0,69
86,20,96,2,0,1,0,1,2,1,66
76,11,91,1,1,1,1,1,2,0,64
70,12,55,1,0,2,0,0,1,1,61
99,22,95,2,1,2,0,0,0,1,71
92,7,51,1,0,0,0,2,2,1,63
72,26,72,0,1,2,0,1,1,0,65
94,19,75,0,2,2,1,0,2,1,71
90,39,92,2,2,2,0,1,1,2,78
72,34,88,2,1,1,2,2,2,0,73
77,19,90,1,0,1,1,1,0,0,65
67,19,93,1,0,0,2,2,1,2,66
64,26,74,0,2,3,0,1,1,0,66
89,30,89,1,1,3,2,1,2,1,74
71,10,53,0,1,4,0,2,2,0,62
93,9,72,0,2,1,1,2,1,0,66
100,16,52,2,2,4,0,0,0,1,71
63,23,96,1,2,2,0,1,2,1,67
79,23,98,0,2,0,1,1,1,0,69
92,26,54,2,1,2,0,2,2,1,72
92,13,77,2,2,2,2,2,2,1,72
90,6,66,1,1,2,0,2,1,1,65
74,25,67,2,2,1,2,2,1,2,71
78,15,73,1,1,0,1,2,2,1,64
84,8,56,0,1,1,0,2,0,0,61
99,21,59,0,1,1,1,0,2,0,69
73,25,79,1,0,1,0,1,0,1,65
97,19,51,0,1,3,1,1,0,2,69
71,17,80,1,1,2,0,1,2,0,64
100,19,66,0,1,1,2,0,2,2,69
87,18,92,1,1,1,0,1,0,0,68
79,12,80,0,1,1,1,2,2,0,63
85,16,85,1,0,1,0,1,1,2,66
71,22,63,1,2,2,0,0,1,1,66
65,21,100,1,1,3,2,1,1,1,67
65,14,72,2,1,3,0,0,0,0,62
74,19,68,2,1,2,0,0,0,1,66
91,7,94,1,2,3,2,1,2,2,68
84,21,52,1,1,2,0,0,2,1,68
64,29,77,1,0,0,0,0,0,1,63
94,11,61,0,2,1,1,1,1,1,66
98,22,60,1,2,1,0,2,2,1,72
87,28,52,1,1,4,2,1,0,1,70
67,17,71,0,2,1,0,2,1,1,63
79,16,89,1,1,0,0,1,0,1,65
86,8,98,0,2,1,1,1,0,0,65
61,21,81,2,2,1,2,1,1,1,66
61,32,69,1,2,0,0,2,2,2,68
65,22,88,0,1,2,1,2,1,0,64
70,20,75,1,2,3,1,1,1,0,66
77,22,68,1,0,3,0,2,2,1,68
79,20,59,1,0,0,0,2,0,1,64
66,15,90,1,1,2,1,0,1,0,62
87,25,75,1,1,0,0,1,0,1,67
84,21,98,2,0,1,0,0,0,1,67
72,20,90,1,1,1,2,1,1,0,65
61,14,71,1,0,2,0,1,0,1,59
63,28,87,2,1,0,0,2,0,0,66
76,24,73,0,2,4,0,1,1,1,68
66,17,54,1,2,2,0,2,2,1,63
75,26,76,0,1,2,1,1,1,1,68
85,17,93,0,2,2,1,2,1,0,68
82,15,93,1,1,3,0,0,0,1,66
85,23,51,1,2,0,1,0,2,0,68
94,9,66,0,2,0,1,2,0,0,66
90,13,99,2,1,1,1,1,2,2,69
82,8,86,2,1,0,2,0,0,1,64
74,19,86,1,1,1,2,2,2,2,68
75,19,88,2,1,0,0,2,0,0,66
95,18,81,1,1,0,0,2,0,1,68
62,14,79,2,1,2,0,2,1,0,62
100,13,73,0,1,1,2,1,0,0,68
87,23,72,2,1,1,1,0,0,1,69
87,17,94,2,2,2,0,1,0,1,70
62,22,70,1,2,4,1,0,0,0,65
84,15,92,1,0,3,1,2,1,1,68
79,21,92,2,1,0,2,0,0,0,67
64,28,89,1,0,0,1,1,0,1,64
96,18,57,0,1,1,0,0,1,1,67
82,22,66,0,2,1,0,0,0,1,66
77,19,92,0,2,2,0,2,0,1,67
63,20,94,1,1,2,0,1,1,1,63
89,18,52,1,1,3,0,2,2,1,69
88,19,66,2,2,3,0,2,1,1,70
85,21,93,1,2,0,0,1,2,1,70
80,14,62,1,2,0,2,0,2,1,65
77,14,99,0,0,2,2,2,1,0,64
84,12,74,2,1,1,1,0,1,2,67
69,10,97,1,0,1,0,0,1,1,61
98,13,71,2,1,1,1,2,0,1,70
84,21,66,0,2,2,1,2,2,2,68
72,15,68,1,1,0,0,2,1,2,64
78,23,94,1,2,1,0,1,2,1,68
92,20,67,0,1,1,0,2,1,0,68
72,24,73,1,0,1,1,2,0,0,65
87,25,97,1,0,4,0,1,0,1,69
73,14,58,2,1,2,1,0,0,1,63
92,23,71,1,0,1,1,1,0,1,69
65,15,56,0,2,3,0,2,2,1,61
91,21,79,2,0,2,1,1,0,1,69
63,12,70,1,2,1,1,2,2,0,62
61,9,53,2,0,0,2,2,1,1,58
96,18,92,2,1,2,0,2,1,1,71
83,19,69,0,2,5,2,2,1,1,69
74,18,75,1,2,1,2,2,2,2,68
69,13,70,0,1,0,1,0,1,1,61
85,18,74,1,2,3,1,0,0,1,67
80,22,51,2,1,2,2,0,1,1,68
100,20,91,1,1,3,0,2,0,1,72
99,21,67,0,2,1,1,0,1,1,71
85,16,86,1,1,3,0,2,1,0,67
78,27,53,1,1,3,2,1,1,1,68
80,13,76,1,1,0,0,1,2,1,64
87,23,95,2,1,3,0,2,2,2,73
64,27,70,1,0,0,0,2,0,1,65
73,23,60,2,0,1,2,2,1,2,67
63,19,55,1,2,0,1,2,1,0,63
63,17,93,1,1,0,2,2,0,1,63
68,26,62,1,1,4,2,1,1,2,69
79,11,99,2,2,1,0,2,2,1,68
91,14,62,1,1,2,1,1,0,1,68
79,18,74,2,2,3,0,2,0,1,69
73,27,73,2,2,5,0,0,2,2,73
63,22,53,2,2,3,0,0,0,2,66
82,14,77,1,1,3,1,2,1,1,68
71,18,84,1,1,2,2,1,1,1,65
85,16,87,1,1,4,0,0,0,2,67
99,16,76,1,1,2,1,2,1,0,70
64,26,91,2,1,1,0,1,0,1,66
68,12,88,2,1,3,2,0,0,2,64
79,30,60,2,1,1,0,1,0,1,69
99,25,70,1,0,1,1,2,1,1,71
91,27,57,0,1,0,2,1,0,1,68
96,17,57,1,2,2,1,0,1,0,68
73,19,86,1,0,0,1,2,1,2,66
100,11,77,2,0,2,2,2,1,1,70
64,17,80,2,1,0,2,2,2,1,65
62,23,87,0,1,1,0,0,1,1,63
94,28,64,1,0,0,0,1,1,1,70
97,13,70,1,0,0,2,1,2,1,67
64,18,80,1,1,1,0,2,1,1,63
65,19,55,1,2,1,2,2,0,1,64
61,12,92,1,0,2,0,1,2,1,60
64,24,67,1,1,0,0,1,0,0,62
68,16,83,2,1,2,0,2,0,2,65
99,19,100,0,0,0,2,0,2,1,69
87,17,74,2,1,1,1,1,0,0,68
91,15,61,1,1,1,0,2,1,1,66
91,20,61,2,2,4,2,2,0,0,72
81,19,53,2,1,2,0,2,2,1,68
92,18,88,1,1,3,0,1,2,1,69
84,16,65,1,1,1,0,0,2,0,65
73,22,59,1,2,0,0,2,0,0,65
82,30,86,1,0,2,0,1,0,0,70
81,21,65,0,1,1,1,2,1,2,67
93,26,80,1,2,4,1,2,0,1,73
99,12,71,2,2,2,1,1,1,1,70
76,21,67,1,1,1,0,2,2,1,66
91,13,74,1,1,1,2,2,0,1,68
64,11,66,1,1,2,1,2,0,1,61
91,16,94,2,1,0,2,2,2,0,70
75,27,54,0,1,2,2,0,1,0,66
62,26,52,1,2,4,1,1,0,1,67
75,21,70,2,2,1,2,1,1,2,69
84,11,59,0,1,2,0,2,1,0,64
65,19,87,1,2,0,1,2,2,0,65
97,22,68,1,2,7,1,0,1,0,75
63,21,63,1,2,2,0,1,1,1,63
97,9,68,1,2,5,1,1,1,0,69
88,15,61,2,1,2,0,2,1,0,68
73,20,65,0,1,2,1,2,2,1,66
76,23,78,1,0,2,0,2,2,0,66
90,7,93,1,0,4,1,1,1,0,66
84,19,69,1,1,2,1,1,1,1,68
87,21,66,1,0,1,0,0,0,1,65
76,25,89,2,1,3,1,1,0,2,70
80,24,51,2,1,3,0,2,2,1,68
100,23,65,1,1,1,0,1,1,0,70
69,15,73,1,0,2,0,1,1,1,61
77,9,80,0,0,3,0,2,1,1,61
72,18,58,2,0,6,0,2,0,0,64
91,26,72,1,0,4,1,1,2,0,71
91,28,78,1,2,1,0,2,1,0,72
72,24,76,2,1,1,0,0,0,2,66
63,23,79,1,1,0,0,0,0,2,63
60,22,83,0,0,3,1,2,1,1,62
76,19,53,1,1,2,0,2,1,1,66
100,30,53,2,0,2,0,1,0,1,72
79,14,93,1,2,2,1,1,1,1,68
70,30,84,0,2,2,2,2,1,2,70
96,18,88,1,1,1,0,0,1,1,70
80,28,96,2,1,2,0,2,0,2,73
84,12,88,2,1,2,0,2,2,2,67
64,24,85,0,1,3,2,2,1,1,65
75,16,83,0,2,1,1,0,1,1,65
98,12,63,1,0,0,0,1,2,1,65
84,21,98,1,1,0,1,1,1,1,70
74,26,77,0,1,3,0,0,1,1,66
85,15,61,1,1,0,1,1,1,1,65
96,11,60,2,2,2,0,1,0,1,68
71,19,91,1,1,3,0,0,2,1,66
80,19,63,1,0,1,1,1,1,2,65
98,23,52,2,1,2,0,2,0,0,71
67,26,71,1,0,2,0,0,2,1,65
89,20,91,1,0,0,1,2,1,2,70
85,31,71,1,1,0,1,0,1,0,69
87,21,90,1,1,3,0,0,2,2,71
74,18,91,2,1,0,0,2,1,1,67
87,18,79,0,0,1,1,0,0,2,82
69,18,85,2,1,2,1,2,2,1,66
77,26,63,1,0,1,0,0,0,0,66
68,23,55,1,2,1,0,2,1,1,65
60,13,77,1,1,2,0,2,1,0,61
99,21,51,2,1,2,2,1,1,2,72
77,24,73,1,2,3,0,2,1,1,70
99,29,55,1,1,0,0,2,1,0,71
66,25,55,1,2,4,0,1,1,1,84
83,25,94,2,2,2,1,2,0,0,72
68,20,82,2,1,1,2,2,0,1,67
92,22,82,0,2,2,2,1,1,1,72
91,27,70,2,0,1,0,1,1,0,70
65,12,71,2,1,1,0,1,0,1,62
96,18,65,1,2,3,1,2,1,0,71
68,15,72,1,0,3,0,1,2,0,62
85,22,79,1,1,1,0,2,0,0,68
99,27,59,1,2,2,0,2,0,2,74
95,16,63,2,2,0,0,2,1,1,68
98,6,75,0,1,1,2,1,2,1,64
74,18,69,1,2,0,0,2,0,1,65
64,25,91,0,1,1,1,2,0,1,66
68,23,91,2,1,5,1,1,0,0,68
80,23,67,1,1,2,0,1,0,0,67
92,18,73,1,1,1,0,1,1,0,67
66,12,99,2,1,2,0,1,1,0,63
86,23,91,2,1,2,1,0,0,1,71
73,15,61,2,1,1,2,2,0,0,63
74,33,64,0,1,0,0,0,1,1,66
86,23,54,1,2,2,0,0,1,0,67
79,17,84,2,1,0,0,1,1,1,66
92,16,66,1,1,2,2,2,1,2,70
66,19,77,1,2,3,1,0,1,0,64
92,19,88,1,1,1,2,2,2,0,71
63,27,92,2,2,0,1,1,0,1,68
68,21,66,1,0,2,0,1,2,0,64
86,16,62,1,1,1,0,2,0,0,66
94,31,92,1,0,1,0,1,2,0,72
70,20,69,1,0,2,2,1,1,2,66
81,16,57,1,1,1,0,2,1,2,66
68,22,96,1,2,1,2,2,1,1,68
92,22,74,0,1,2,1,2,1,2,70
91,9,59,1,1,0,1,2,0,2,64
66,32,77,2,2,3,1,1,1,2,71
79,28,94,2,1,2,1,2,0,0,72
91,18,69,1,2,5,0,2,0,1,71
73,13,59,0,1,0,2,1,1,1,63
85,22,79,1,0,1,1,2,2,1,68
62,21,92,1,1,1,0,2,1,1,63
84,22,56,1,1,0,0,2,2,1,66
66,21,52,1,1,1,0,1,1,2,63
93,23,53,2,2,1,1,1,0,2,72
74,29,62,2,1,3,2,2,0,2,70
71,23,50,1,1,1,1,2,0,1,65
94,14,71,2,1,0,1,0,1,1,67
62,28,85,2,0,2,0,2,0,1,66
76,30,86,1,1,1,2,1,1,1,69
75,39,82,2,1,1,1,0,2,2,73
71,13,65,2,1,2,2,1,1,2,66
96,21,87,1,1,0,0,1,1,1,70
90,8,79,2,2,2,1,0,0,2,68
63,23,93,1,0,2,0,2,1,1,65
89,17,74,1,1,1,2,2,0,1,67
81,32,59,1,2,2,0,1,2,2,71
96,15,82,2,2,2,0,1,0,1,70
73,10,58,0,1,5,0,0,0,0,61
83,17,98,1,2,0,0,2,1,1,69
80,8,85,1,0,1,2,0,0,1,63
80,25,88,1,1,0,1,0,0,0,67
78,8,84,1,2,0,1,2,1,1,65
68,20,55,1,2,0,0,2,0,2,63
90,8,73,1,1,3,2,0,2,2,67
78,18,83,2,0,2,2,0,0,1,66
98,30,61,1,0,0,2,2,0,1,72
70,22,84,2,1,3,0,2,0,0,68
87,15,91,1,2,1,0,1,0,1,67
98,20,64,1,1,1,2,2,2,1,72
87,20,60,2,1,0,0,2,0,1,66
95,23,94,1,1,1,0,2,1,1,73
93,12,50,2,2,4,2,2,2,0,71
74,24,63,0,0,1,0,2,0,2,65
84,4,70,1,1,5,0,1,1,1,65
66,16,84,1,2,2,0,1,1,1,65
81,17,100,1,1,2,1,1,1,0,68
69,24,69,1,2,7,1,2,2,1,70
90,20,97,0,1,1,0,1,1,0,68
81,12,68,1,0,0,0,0,0,2,62
76,14,85,1,1,3,1,1,0,2,66
71,21,58,1,1,3,1,0,0,0,65
100,20,73,1,1,1,1,1,0,1,71
63,17,94,1,1,0,0,0,1,0,61
62,17,66,1,1,2,0,1,2,2,63
69,24,55,2,1,3,0,1,1,0,67
99,17,76,1,1,2,2,2,2,0,70
99,19,72,1,1,3,2,1,1,0,73
95,11,95,1,1,1,2,2,0,0,69
69,9,80,1,0,1,1,1,1,1,61
66,16,100,1,1,1,0,1,1,1,64
64,18,57,1,0,1,0,1,2,1,61
64,15,92,1,1,3,1,0,0,0,63
83,18,62,0,1,2,0,0,0,2,65
91,30,62,1,2,3,2,0,0,0,73
75,25,75,0,1,2,2,0,2,2,68
99,25,83,1,1,1,1,1,1,1,72
77,12,85,0,0,1,1,2,1,1,62
66,13,51,1,2,3,2,2,1,0,63
79,3,64,1,0,0,2,0,1,0,58
87,15,83,1,1,1,0,2,2,1,68
93,26,94,2,2,1,0,0,1,0,74
78,23,83,1,1,1,0,2,1,1,68
84,19,63,1,1,1,0,2,2,1,67
71,20,75,1,1,0,0,2,1,0,65
86,16,82,0,0,0,0,1,0,0,63
99,21,57,0,1,2,2,1,1,2,71
62,25,77,0,1,0,1,0,1,1,62
95,10,74,0,2,2,0,0,0,2,66
82,22,67,1,0,1,2,1,0,0,65
70,26,81,1,2,0,0,1,0,0,66
98,18,82,0,2,3,1,0,1,1,71
79,24,99,2,0,2,0,0,0,2,68
73,37,71,2,1,0,0,2,2,1,72
67,19,77,2,1,1,2,0,1,1,66
70,22,58,0,1,4,2,2,2,0,66
93,16,77,2,0,2,0,0,0,2,67
85,21,52,2,0,5,2,2,2,1,71
97,23,57,2,2,2,2,2,2,0,72
69,21,59,1,0,3,2,1,0,1,64
65,14,82,2,0,1,0,0,0,0,60
60,21,78,0,2,2,0,2,1,1,64
80,29,90,0,1,2,1,2,1,1,70
100,23,73,0,1,3,1,1,1,1,72
88,26,74,2,1,0,0,0,0,1,68
72,19,58,0,1,0,0,1,1,1,62
95,24,87,0,1,0,0,1,0,1,68
61,14,71,0,1,0,2,1,1,1,60
93,22,59,2,1,3,2,2,0,0,72
72,14,89,2,0,2,0,2,1,1,65
66,16,84,0,1,3,0,2,0,2,63
69,21,85,0,1,2,2,2,1,1,66
79,22,57,1,0,1,0,2,1,0,65
77,13,83,2,1,1,2,0,1,1,65
72,26,85,2,0,2,0,0,0,1,67
67,23,50,1,1,4,1,2,0,0,65
90,16,66,1,2,0,0,0,2,1,67
100,11,54,1,1,1,2,0,0,0,66
91,19,84,2,0,2,0,2,2,2,71
72,17,61,1,1,1,2,1,1,1,64
70,21,63,0,0,0,0,2,1,1,61
69,18,54,2,2,1,0,1,2,0,65
65,8,74,1,1,1,0,2,1,1,61
82,18,52,0,2,1,0,0,0,0,64
84,18,92,2,2,0,1,0,0,0,69
88,24,51,1,1,4,0,2,1,2,71
87,16,53,1,2,3,1,1,1,2,70
72,30,82,1,2,1,1,2,0,2,70
73,9,96,1,1,0,0,2,0,0,62
87,28,95,1,1,2,2,2,1,1,73
74,19,54,2,1,0,1,2,1,2,66
69,25,64,1,1,1,2,0,2,1,66
75,20,76,1,0,3,1,0,2,1,66
71,27,51,1,1,3,1,1,2,1,66
64,18,76,1,1,2,0,2,1,1,65
93,13,72,0,0,2,2,2,1,2,67
94,29,79,1,2,6,1,1,0,1,76
69,19,96,1,1,0,0,2,2,1,66
63,21,64,1,1,1,0,0,2,0,63
90,27,82,1,1,0,1,2,1,1,71
68,14,71,2,1,1,1,2,1,0,63
76,24,72,0,2,1,1,2,2,0,67
63,16,82,1,1,0,0,1,2,1,63
69,19,98,1,2,0,0,1,2,1,66
92,20,93,1,1,3,1,2,2,0,72
92,11,82,1,2,4,2,0,1,2,70
68,15,73,0,2,0,1,2,1,1,62
73,28,71,1,2,0,1,2,1,1,69
65,25,89,1,0,2,0,1,1,1,66
63,20,61,1,1,2,0,1,2,1,64
100,21,79,1,0,2,0,1,0,1,70
86,18,75,1,1,0,0,1,0,2,67
82,28,82,2,1,1,2,0,1,0,71
91,19,59,1,1,1,2,1,2,2,69
94,21,85,0,2,1,1,0,1,1,70
92,27,81,1,1,0,1,0,0,1,70
61,15,59,0,2,1,2,1,1,1,61
67,29,72,2,0,0,0,1,1,1,65
86,11,84,2,1,0,0,1,2,1,67
75,30,95,0,1,1,2,0,2,0,70
87,19,50,2,0,3,2,1,0,1,68
98,9,58,2,2,2,1,0,1,1,69
68,17,99,1,1,1,2,1,1,1,65
95,14,88,1,2,2,0,1,0,1,68
73,16,81,1,2,1,2,0,2,1,67
100,19,57,2,1,1,0,2,2,1,70
66,26,71,2,2,2,0,1,1,2,68
81,21,86,1,2,1,1,1,0,1,69
92,22,95,0,2,0,2,2,0,0,70
77,13,69,2,2,2,1,1,0,1,67
79,15,100,2,2,4,1,1,0,1,70
99,31,57,0,1,1,2,1,2,2,74
77,16,69,0,1,1,0,1,0,0,63
84,30,94,1,2,1,0,2,0,1,72
62,19,82,1,2,0,2,1,0,0,62
94,20,91,1,1,1,2,2,0,1,71
86,26,95,0,1,0,0,0,0,1,68
76,28,75,2,1,3,0,2,2,2,72
61,19,62,2,1,1,2,1,2,2,64
84,18,85,0,0,0,0,1,1,1,64
61,20,78,2,0,0,0,2,0,1,63
60,22,89,1,2,2,1,1,1,1,66
85,25,76,1,1,2,1,2,2,1,71
68,20,91,2,1,4,1,2,2,2,70
68,24,95,1,2,3,0,2,1,0,67
86,30,87,2,2,0,1,2,0,1,73
62,22,87,1,0,2,0,1,2,1,64
73,22,79,1,0,4,2,0,1,1,65
66,11,74,1,1,3,0,1,1,1,62
83,4,99,1,2,1,1,1,0,0,64
86,22,82,1,0,1,1,2,0,0,67
89,19,92,2,1,5,2,2,1,2,74
70,17,75,1,2,1,1,1,0,1,63
64,21,78,0,2,1,0,2,1,0,64
63,20,83,0,1,4,2,1,1,0,64
77,27,86,2,0,1,1,0,2,2,70
98,21,72,1,1,3,0,2,0,1,71
69,16,68,1,1,0,1,1,1,1,63
64,19,71,2,1,1,0,1,2,1,65
84,23,61,2,1,2,1,1,1,1,70
87,17,71,0,0,2,1,1,0,1,65
86,16,94,1,2,0,0,0,1,2,68
94,21,99,2,1,1,0,1,1,1,72
79,20,79,2,1,0,0,1,1,0,67
65,23,57,2,2,1,0,1,2,0,65
72,18,71,1,1,2,2,2,2,0,66
86,9,80,2,2,1,1,2,0,1,67
85,17,69,0,1,1,2,1,1,1,65
81,25,60,1,1,2,0,1,1,1,68
87,18,61,1,1,2,0,2,1,2,68
85,19,74,2,1,1,1,1,2,1,69
95,26,61,0,1,2,2,1,1,1,71
83,16,62,1,1,0,2,1,0,1,64
70,19,89,1,1,1,0,1,0,1,64
87,17,53,1,1,3,2,2,0,0,67
96,14,66,2,1,3,1,2,1,1,70
75,19,77,2,1,1,0,2,0,1,66
91,23,53,1,2,3,0,0,1,0,70
89,20,84,2,1,1,0,1,2,0,70
62,22,69,1,2,1,1,0,2,0,64
83,31,70,2,0,3,1,0,0,1,71
65,18,63,2,1,1,0,2,1,1,63
99,22,67,1,1,1,1,0,1,2,72
92,17,93,2,2,4,1,1,1,1,72
64,15,89,0,2,0,0,0,0,0,61
65,16,97,0,2,2,0,0,0,2,63
84,17,85,2,0,0,1,2,1,2,67
74,22,79,0,2,3,0,1,1,0,67
61,34,63,0,1,2,0,1,1,0,65
82,16,83,1,0,0,0,0,1,1,64
76,18,95,0,1,2,2,2,2,2,69
64,20,53,2,1,4,1,1,2,2,65
92,22,72,2,2,1,2,1,0,0,71
97,22,57,1,1,0,0,2,1,1,70
90,28,91,1,0,0,1,2,1,1,98
93,5,81,1,1,1,1,1,0,1,65
69,6,94,1,2,1,2,1,1,1,63
71,17,53,1,1,0,0,2,0,0,61
68,27,95,0,1,1,1,2,0,1,67
91,11,53,1,1,0,2,1,0,1,64
98,2,64,1,2,1,0,1,0,1,65
89,23,58,2,2,2,2,2,1,1,73
95,21,57,2,1,1,0,2,0,0,69
86,13,59,2,1,3,0,1,1,1,67
76,14,74,1,2,0,1,2,2,0,63
77,14,89,2,2,0,1,2,1,0,67
63,21,95,2,0,2,0,1,2,1,66
61,16,78,2,1,2,1,2,0,1,64
88,23,58,0,2,2,0,1,0,1,68
78,3,54,1,1,2,0,2,2,2,61
82,15,75,1,1,1,1,0,2,1,66
82,13,88,1,1,0,0,1,0,1,65
71,18,81,2,1,0,1,0,1,1,65
79,17,79,1,1,3,2,1,1,1,67
79,25,52,1,2,1,2,0,1,1,68
76,9,71,1,1,1,1,1,1,1,63
93,20,78,1,2,1,1,2,0,0,70
78,23,80,2,2,0,0,1,0,1,68
84,31,50,1,1,2,0,2,0,1,69
96,17,60,1,2,0,1,1,0,0,67
95,22,97,1,1,0,0,1,0,1,69
96,9,75,0,1,1,0,2,0,0,65
71,6,85,2,1,1,0,2,0,1,61
61,25,65,2,1,3,1,1,0,0,65
70,20,79,1,0,4,2,2,1,0,67
71,27,68,2,1,1,0,0,0,1,66
96,12,65,1,1,2,2,1,2,1,69
86,23,71,1,1,3,1,1,1,2,71
63,31,73,2,2,1,0,2,2,1,68
65,23,67,1,2,3,0,0,1,2,65
66,22,63,1,1,1,2,1,0,2,64
85,20,81,0,1,1,1,2,2,0,68
89,11,69,2,0,1,0,1,0,0,64
94,28,60,2,1,1,0,2,0,0,71
98,16,88,1,2,1,2,1,0,1,70
68,23,86,1,2,0,2,2,1,1,68
72,11,94,1,1,2,0,2,1,0,63
70,13,78,2,1,0,0,0,0,1,61
74,29,64,0,1,2,1,1,1,1,66
97,18,93,2,1,5,1,2,2,1,75
83,29,64,2,2,2,0,1,1,1,71
90,20,83,1,1,1,1,2,0,2,69
80,9,60,0,2,2,0,1,0,1,62
61,25,81,1,1,0,0,2,1,2,65
63,16,92,0,1,0,1,2,0,1,61
82,24,77,1,1,3,0,2,1,1,69
89,20,74,0,0,1,2,2,1,0,66
69,11,100,1,2,1,0,1,0,0,64
89,21,51,1,2,1,0,2,1,0,69
92,33,67,2,2,6,0,2,2,0,78
76,23,96,2,0,2,0,1,1,0,68
76,26,77,1,0,1,0,1,1,1,68
87,21,82,0,0,0,2,1,1,1,68
91,21,66,1,1,1,1,2,2,0,69
100,13,54,0,1,0,1,2,1,1,68
74,21,64,0,2,3,1,1,0,1,80
76,26,67,1,1,1,0,0,0,2,67
67,15,74,1,0,1,2,2,2,1,64
68,29,70,0,1,0,2,0,1,0,64
88,19,76,1,1,1,0,2,1,0,68
97,15,60,1,0,4,0,0,1,0,67
76,26,59,1,1,0,2,1,1,0,65
67,18,68,2,2,0,0,2,1,1,66
71,25,74,0,1,4,2,2,1,0,67
78,18,67,1,2,0,1,0,2,0,64
72,20,79,0,1,1,2,2,0,1,66
69,23,66,0,1,1,1,2,1,0,63
89,22,59,2,1,5,0,2,1,2,71
60,8,93,1,2,0,2,1,0,2,62
82,13,60,2,1,1,1,2,0,1,64
92,26,98,1,0,2,2,1,1,1,72
71,19,99,1,2,0,0,0,0,0,65
84,17,85,2,0,1,1,2,1,1,67
87,12,75,2,2,1,1,1,0,1,65
86,14,90,0,0,0,0,1,0,0,63
78,8,94,2,2,1,0,1,2,0,65
74,19,85,1,1,1,2,2,0,1,67
93,16,55,1,1,0,0,1,2,0,67
90,14,50,1,0,0,1,2,1,1,65
73,20,60,2,1,1,0,2,0,1,64
64,22,59,0,2,0,0,2,1,2,64
63,33,59,2,2,1,0,2,1,1,69
64,11,75,1,1,1,0,2,2,0,60
83,27,76,1,1,1,0,2,0,1,70
62,26,86,2,0,2,0,2,1,1,66
73,15,60,1,1,3,1,1,1,2,66
90,21,55,0,1,2,1,1,1,1,68
91,21,74,2,1,0,2,0,1,0,70
90,29,83,1,1,0,0,2,1,1,72
70,24,69,0,0,1,0,0,2,2,64
90,17,84,2,1,1,0,0,0,1,67
76,11,83,1,0,3,0,2,1,2,64
68,19,51,2,2,1,0,2,2,1,64
81,27,93,2,1,0,1,1,2,1,72
97,11,69,0,0,3,0,2,0,1,66
86,14,57,1,2,3,1,1,2,1,68
67,21,88,1,1,1,2,2,0,1,95
87,14,74,0,1,0,1,1,1,1,64
77,15,52,1,1,1,1,1,1,1,64
84,17,89,2,0,2,0,2,2,1,68
89,12,72,0,1,1,1,1,2,1,67
81,14,88,1,1,1,2,2,2,1,67
93,24,88,1,2,1,0,0,1,0,71
89,12,55,0,1,1,0,0,0,0,63
85,10,81,1,1,3,0,1,0,1,66
66,16,68,2,2,2,2,2,0,2,65
93,24,77,0,1,0,0,0,0,1,68
97,19,54,0,1,0,0,1,2,1,68
65,17,79,2,1,0,0,2,1,1,62
80,20,89,1,0,0,2,1,2,1,67
70,10,99,2,2,1,0,1,1,1,65
90,23,66,1,2,2,0,1,2,0,71
89,22,58,2,1,4,1,1,2,1,71
66,18,68,1,2,1,0,2,1,0,61
95,26,51,1,1,1,0,2,0,1,70
67,13,70,0,1,0,0,0,0,1,60
92,27,96,1,0,0,2,1,0,1,70
78,21,60,2,1,1,1,1,0,2,67
73,18,74,1,1,3,2,1,1,0,66
66,20,79,0,0,2,0,2,1,1,63
67,19,59,1,1,3,2,2,0,0,65
86,27,67,1,2,5,2,2,2,2,75
82,14,96,1,2,2,0,0,2,0,66
65,15,65,1,1,1,1,1,0,1,61
65,26,82,1,1,1,2,2,0,0,65
63,16,57,1,0,2,2,1,0,1,61
90,25,83,2,2,2,1,0,1,1,73
88,30,64,1,2,1,1,1,2,1,73
62,18,62,1,1,1,1,2,1,1,63
82,24,56,1,0,1,2,2,1,1,67
63,13,52,2,1,2,0,2,0,1,62
96,25,98,0,0,1,1,1,1,1,71
96,21,71,1,1,2,0,0,0,1,70
88,23,89,1,1,0,0,2,1,1,70
97,16,96,1,1,4,0,1,0,0,69
92,10,60,1,1,3,1,2,0,2,66
93,23,93,2,0,1,0,0,1,2,72
83,8,85,0,2,1,0,1,0,0,63
72,18,79,1,0,1,0,2,1,1,65
69,26,90,2,2,3,1,2,1,1,71
73,21,56,1,1,5,0,1,2,1,66
85,32,63,0,1,2,0,1,2,0,69
67,26,57,1,0,0,1,0,1,1,62
70,16,95,2,2,1,0,1,1,2,66
79,20,55,0,1,3,0,2,0,0,66
69,20,99,0,1,1,0,0,1,2,64
97,14,83,1,1,0,0,2,0,1,68
90,17,83,1,1,5,0,0,1,0,68
87,8,97,2,2,2,0,2,0,0,67
83,20,66,0,2,1,1,1,2,1,67
80,19,67,2,2,2,2,1,0,1,68
67,10,92,1,2,1,2,0,1,1,65
96,22,99,2,0,4,1,2,0,2,74
70,24,52,2,1,1,2,2,0,2,85
64,21,82,1,1,2,1,1,0,1,64
90,18,62,1,0,3,0,1,1,2,67
67,24,86,2,2,2,1,0,1,1,68
75,24,89,1,0,0,1,2,1,0,67
61,22,88,1,2,1,0,1,1,0,65
65,15,72,2,2,2,2,1,0,0,63
67,22,58,1,1,1,2,1,0,1,64
62,27,79,0,0,0,1,0,0,1,62
86,16,89,2,0,1,2,2,1,0,68
93,33,96,1,1,0,2,2,0,2,75
75,17,73,0,1,0,0,1,0,2,63
95,20,62,0,1,2,1,1,0,0,68
69,16,56,1,1,2,2,1,1,0,63
73,21,90,2,2,0,1,1,1,1,68
66,10,77,2,1,0,0,2,1,1,62
85,17,84,1,0,3,1,2,1,1,67
77,13,58,2,2,2,0,2,0,1,66
85,21,50,1,1,1,0,1,1,0,65
90,26,98,1,1,0,2,0,0,1,69
85,6,70,1,2,0,2,2,0,2,64
97,32,73,1,2,0,1,0,2,1,75
72,22,96,0,0,1,1,2,0,2,66
74,15,60,0,1,2,0,2,1,0,62
89,21,90,1,0,4,2,1,2,0,70
84,21,51,2,2,0,0,2,1,1,68
67,16,94,2,1,1,2,1,1,2,66
75,21,79,2,0,0,0,1,0,1,65
79,16,74,1,2,3,2,2,1,2,68
77,18,85,1,2,2,2,2,1,0,68
67,16,53,1,1,2,0,2,1,0,62
97,11,60,1,0,2,1,2,0,0,66
90,21,70,0,1,2,2,0,0,1,68
79,24,81,1,2,0,0,2,2,2,69
87,23,57,0,1,2,0,2,2,1,67
96,25,69,2,0,3,2,2,2,0,74
65,22,63,1,0,2,0,1,1,1,61
70,17,82,1,2,2,0,0,2,0,64
82,25,96,1,1,1,0,2,0,1,69
92,12,58,1,2,2,1,2,1,0,66
61,15,59,1,1,0,0,1,0,2,61
99,14,80,1,1,3,1,1,1,2,71
78,26,73,2,2,2,1,2,0,1,71
74,26,86,1,1,2,1,2,0,0,69
72,23,64,1,1,1,2,1,0,0,66
67,26,77,1,0,2,0,1,0,0,64
92,15,69,1,0,1,2,1,2,1,68
98,22,64,1,2,0,0,2,1,0,71
77,19,86,1,2,0,0,0,1,2,66
98,25,90,1,1,1,2,1,2,2,94
93,19,66,2,0,1,0,1,1,0,68
79,18,81,1,1,1,1,2,1,1,66
87,23,59,0,2,4,0,1,1,1,70
77,25,90,1,1,1,0,1,0,1,68
62,20,59,1,1,3,0,2,1,0,64
88,14,97,1,2,0,1,2,0,1,69
62,5,71,2,2,1,1,2,0,0,59
93,21,82,1,0,2,1,1,1,1,70
93,24,90,0,2,0,1,0,2,2,72
69,22,84,1,0,0,1,1,1,1,64
73,8,78,2,1,0,0,0,1,2,63
79,18,69,1,1,2,1,2,2,1,67
84,7,96,1,1,1,0,2,0,1,62
71,28,57,1,1,1,2,1,0,2,69
84,13,94,1,1,3,0,0,1,1,66
72,28,85,0,0,4,0,0,0,2,66
62,26,79,1,0,1,1,2,0,1,63
60,15,66,1,1,2,0,1,2,2,62
64,13,57,2,1,1,0,1,0,0,58
92,22,72,0,1,0,1,0,1,0,67
98,15,89,1,1,2,1,1,0,0,68
77,21,87,1,2,1,1,1,0,0,67
81,17,82,1,1,3,1,1,0,1,67
66,9,100,1,0,3,1,1,1,0,62
82,7,99,2,1,2,2,0,1,1,66
66,21,70,1,1,1,0,2,0,1,65
84,17,60,2,1,0,1,2,0,1,67
97,17,73,0,1,1,1,1,1,2,69
68,24,92,2,1,1,0,2,0,0,67
91,27,73,1,0,0,1,1,0,0,69
61,18,67,0,1,2,0,2,2,0,62
75,18,87,1,1,3,2,0,0,0,67
64,23,83,0,1,0,0,1,1,1,63
74,12,98,1,1,2,1,1,0,2,65
67,21,77,1,1,3,1,1,2,1,66
75,23,98,2,1,3,1,2,1,1,71
77,24,65,2,0,1,2,2,1,2,70
72,8,93,2,2,4,0,2,1,2,68
86,15,68,1,2,0,0,1,1,2,67
97,15,90,2,1,2,0,1,2,2,71
76,21,96,1,0,1,0,0,0,1,65
68,23,81,1,0,1,2,1,0,0,64
71,29,86,1,1,1,1,2,0,1,69
94,17,98,0,1,1,0,0,1,0,68
83,17,69,0,1,4,1,1,0,0,67
78,27,76,1,1,1,2,2,1,2,71
66,22,95,0,1,1,0,0,1,1,64
78,28,84,2,1,2,1,0,0,1,69
71,22,94,2,1,1,0,1,1,1,68
98,13,81,0,2,1,2,0,1,1,69
95,12,87,1,1,0,0,2,0,1,67
63,11,51,2,1,0,1,0,0,2,58
81,24,67,1,0,0,0,0,1,2,66
69,27,89,2,1,2,0,1,2,0,69
76,31,70,2,1,3,1,1,0,0,70
95,25,68,0,1,1,0,2,1,1,70
81,27,98,0,1,0,0,2,2,1,70
73,17,78,2,2,0,2,0,0,1,66
68,13,60,2,0,1,1,2,1,1,61
92,25,74,1,1,3,0,2,0,1,71
79,21,99,1,1,2,2,2,0,1,69
69,22,86,1,2,0,0,1,1,0,65
73,22,76,2,2,3,1,0,1,2,69
98,28,72,2,1,1,1,2,0,1,74
81,28,96,1,1,2,0,2,0,2,71
76,23,82,1,2,0,1,1,1,2,68
81,25,68,2,2,0,1,1,0,0,69
91,23,73,1,0,3,0,0,1,1,68
74,17,64,0,1,2,0,1,1,1,63
67,25,98,1,1,0,0,2,2,2,68
83,12,85,1,2,2,1,0,0,1,67
87,26,70,2,1,3,1,1,1,0,71
89,13,59,2,2,0,2,1,0,0,66
95,22,59,1,2,2,0,0,0,1,69
75,15,74,1,2,3,1,2,1,1,68
63,23,73,1,1,1,1,1,0,0,63
98,20,71,1,1,0,1,0,0,1,69
77,10,93,2,0,3,1,2,0,1,66
85,23,99,1,1,1,1,1,0,2,71
87,17,68,2,1,2,2,2,0,1,68
82,25,65,1,1,0,0,1,2,1,69
68,20,89,1,1,0,0,2,1,1,65
90,22,72,0,1,0,1,1,0,1,68
92,14,61,1,2,0,1,1,0,2,67
82,16,59,1,1,1,0,2,1,1,65
80,17,64,1,0,1,2,2,0,1,65
65,25,50,0,1,2,1,2,0,1,64
63,30,97,2,2,1,0,1,0,1,69
74,15,72,0,2,2,0,2,0,0,64
72,26,54,1,1,2,1,1,2,1,66
98,7,58,0,1,2,1,1,1,1,65
91,13,66,1,2,2,0,2,1,1,69
86,14,78,1,0,3,0,0,1,1,66
81,12,85,1,1,0,0,2,0,2,64
67,10,65,1,1,1,0,0,1,1,61
99,22,98,1,1,1,1,1,1,0,72
75,19,88,1,1,1,2,2,1,0,67
64,22,91,1,0,0,1,1,0,0,63
80,24,66,2,1,1,1,1,1,2,69
95,22,69,2,0,3,2,1,1,2,70
95,24,77,2,1,1,0,2,0,0,71
60,20,73,0,1,0,2,1,0,1,60
95,13,63,2,1,3,2,1,1,1,70
71,26,100,2,0,1,1,2,0,0,69
62,16,92,2,1,0,0,2,1,1,63
94,14,62,1,1,2,2,0,1,2,69
95,19,95,1,1,0,1,0,1,2,71
84,15,79,2,1,1,0,1,1,1,68
83,17,51,2,1,0,0,0,0,0,64
93,22,67,1,0,0,1,1,1,1,68
91,22,51,1,0,2,0,1,2,2,69
96,15,54,0,1,0,1,1,0,0,65
82,17,59,1,1,3,1,2,1,1,68
99,26,74,2,1,1,1,1,1,1,74
100,23,69,0,2,0,2,2,0,0,72
65,32,57,1,2,1,0,0,2,1,67
94,27,70,2,2,1,0,1,1,0,73
80,27,65,1,1,1,1,1,2,2,68
76,12,71,0,1,0,0,0,1,0,61
85,25,59,2,2,3,0,1,0,1,70
62,20,80,0,1,1,1,1,1,2,62
80,17,52,1,1,2,2,1,1,2,67
95,21,69,2,0,0,2,0,0,1,69
69,26,95,2,2,0,2,0,1,0,93
77,23,71,2,1,3,0,2,1,0,68
98,15,72,1,1,1,1,1,0,1,69
77,24,53,1,1,2,1,1,2,2,68
74,16,80,2,1,0,0,0,1,0,64
78,21,97,1,2,0,0,2,1,1,69
81,18,65,1,1,2,2,1,0,0,66
85,19,70,1,1,4,0,1,2,0,68
92,25,79,1,1,3,1,0,1,1,72
78,14,55,1,2,2,0,1,0,0,63
93,32,98,1,2,0,0,1,1,1,73
81,9,73,1,2,1,2,0,1,1,65
74,16,56,2,2,1,0,2,0,0,65
86,22,67,1,0,0,1,2,2,1,68
89,24,69,1,2,3,1,1,2,0,70
82,19,67,1,1,0,2,2,0,1,65
62,20,85,1,2,2,1,1,1,1,66
67,22,67,2,1,1,1,1,0,2,66
71,28,66,2,1,2,1,2,0,1,69
87,25,89,2,0,1,0,1,0,1,69
61,25,65,2,1,2,0,1,1,1,64
90,14,51,1,1,1,0,2,1,1,66
71,20,68,1,0,1,0,2,0,1,63
72,18,64,1,2,4,2,2,0,1,68
81,14,95,1,2,2,0,2,0,0,68
69,22,74,1,2,1,1,0,1,2,65
95,17,62,1,2,1,0,2,1,2,69
63,24,99,1,1,2,2,1,0,0,66
94,30,88,1,0,2,1,1,0,0,72
85,15,82,1,2,2,0,0,1,2,67
72,21,73,2,2,1,0,1,1,1,67
77,25,70,1,2,0,0,1,1,1,68
88,17,94,2,2,2,0,2,1,1,71
99,25,74,2,1,1,0,0,1,1,73
96,13,69,1,1,2,0,2,1,1,68
74,29,68,1,2,0,0,2,1,1,69
100,20,64,1,1,0,0,1,0,1,69
60,16,70,2,1,3,0,0,2,0,63
61,18,56,1,1,3,0,1,0,1,62
93,25,53,1,1,0,1,1,2,1,70
68,16,77,1,2,1,2,2,2,1,66
62,16,73,1,1,3,0,0,2,0,62
69,19,59,2,1,2,2,1,0,0,64
77,13,55,1,1,2,1,2,0,0,63
89,31,57,1,1,1,1,2,2,1,71
85,17,66,1,2,1,2,1,2,1,67
70,25,73,2,0,2,2,1,1,1,67
80,21,60,2,0,1,1,2,1,1,67
97,14,88,1,0,2,2,2,2,1,71
93,20,60,1,2,0,0,1,0,2,69
73,25,56,1,1,2,0,1,2,1,93
99,19,100,1,2,1,0,2,0,1,72
88,27,72,2,1,1,0,2,0,1,71
62,26,59,1,1,1,0,1,1,1,63
61,26,95,0,2,0,2,1,1,0,65
67,17,62,1,0,0,1,1,1,1,61
89,14,96,0,1,2,1,1,0,0,66
67,16,56,1,1,1,1,0,0,0,61
80,21,92,1,1,1,0,2,1,0,67
64,23,59,0,1,3,0,2,0,1,64
97,7,97,2,0,3,1,2,1,1,69
96,21,59,1,1,2,1,0,2,0,70
98,18,92,1,2,2,0,1,0,1,73
60,28,70,1,0,0,0,1,0,0,63
79,23,87,1,1,2,1,1,0,1,68
61,28,82,0,0,0,1,2,1,0,64
96,19,86,0,1,3,0,2,1,1,69
81,26,67,1,1,3,1,1,0,1,69
63,30,97,0,2,2,1,2,0,2,67
64,28,78,0,2,3,2,2,1,1,69
75,13,54,2,1,1,1,0,0,1,62
98,18,53,1,0,0,0,1,2,1,66
88,18,87,1,0,2,2,1,1,1,68
95,23,92,0,2,1,0,2,0,2,71
75,24,85,0,1,1,2,2,0,1,66
62,15,64,2,0,2,1,1,0,2,62
99,20,61,0,0,1,0,1,2,0,68
61,8,78,0,1,0,0,2,1,1,59
98,29,60,1,1,0,0,0,0,0,70
75,17,69,0,2,1,0,2,2,1,66
60,20,81,1,1,3,1,2,0,1,65
88,18,64,1,1,0,1,2,1,0,66
99,27,69,1,1,2,2,2,1,1,73
99,3,68,0,1,2,0,1,2,1,65
66,20,73,2,1,0,0,2,2,1,65
83,17,89,1,1,0,2,2,0,2,69
85,30,83,1,1,2,2,2,2,0,74
90,15,51,2,2,2,0,0,2,2,68
67,25,95,1,0,0,2,1,1,1,65
98,22,79,2,1,2,0,1,2,1,72
86,28,96,1,1,2,0,1,1,1,71
94,16,98,1,2,0,0,1,0,1,69
82,16,73,2,0,3,1,2,0,0,67
77,27,96,2,1,0,2,2,1,0,71
99,23,68,0,0,1,1,1,1,2,68
95,17,54,1,2,2,1,1,2,0,69
98,22,73,0,1,1,1,0,0,1,68
87,25,84,2,2,2,1,2,2,0,73
82,16,99,1,1,3,0,2,2,1,69
60,3,76,1,1,0,0,1,1,1,58
62,23,87,0,2,1,0,2,2,1,65
68,13,95,1,1,2,0,2,0,1,63
70,3,58,1,1,0,0,1,1,1,58
72,25,92,1,1,1,0,0,0,2,66
74,21,79,2,1,0,0,2,0,1,67
77,19,88,1,2,3,1,2,0,1,67
64,28,83,1,2,2,0,1,2,0,67
62,24,53,0,2,0,2,2,1,1,65
87,30,58,1,2,1,1,0,0,2,71
81,12,64,1,1,2,0,1,2,2,66
78,20,64,2,1,2,0,2,2,1,68
85,10,92,2,1,0,0,2,0,1,65
93,19,80,2,2,1,1,1,1,1,71
77,19,54,0,1,2,0,2,0,0,64
86,24,69,2,1,1,2,1,1,2,72
98,20,78,0,0,4,0,1,2,0,69
94,24,63,1,1,1,0,1,0,1,70
77,24,52,1,1,0,0,0,1,1,66
86,33,69,1,1,0,1,1,1,1,70
67,18,73,0,2,0,2,1,1,0,62
82,14,95,1,0,1,2,1,0,1,66
99,21,95,0,2,2,0,0,0,0,70
81,15,75,0,0,1,2,0,1,0,63
97,29,74,1,2,1,0,2,1,1,73
76,18,82,2,1,2,2,1,1,2,70
100,17,63,2,2,1,0,2,0,0,71
83,17,64,1,0,1,0,2,1,1,65
62,24,50,0,1,1,2,0,2,1,64
83,19,54,0,2,1,0,2,0,1,66
71,16,59,0,0,1,2,2,0,2,82
61,30,82,2,0,2,2,1,0,0,68
93,15,61,1,1,1,0,1,1,2,67
71,20,56,2,0,5,1,2,1,2,68
92,24,81,2,0,2,0,0,0,1,69
72,10,83,1,1,0,0,2,1,1,63
68,23,53,2,1,3,0,1,2,2,66
99,14,89,1,1,0,2,2,1,2,68
74,25,80,1,2,4,1,2,1,1,71
84,14,70,2,1,2,1,2,2,2,69
84,24,99,1,0,1,2,2,1,1,70
82,27,51,1,1,3,1,1,2,2,70
97,25,77,1,1,1,2,2,0,0,73
87,22,58,2,1,0,0,1,0,1,68
76,19,66,0,1,1,0,2,2,1,65
94,17,57,2,2,4,0,1,1,1,72
67,29,83,0,2,2,0,2,0,1,67
82,16,70,1,0,4,1,1,0,2,68
98,14,99,1,1,0,0,1,2,0,69
85,24,83,1,1,1,1,2,1,0,70
93,15,96,1,2,1,0,0,1,1,69
86,14,62,2,2,1,0,2,1,1,68
94,11,66,1,1,2,0,2,0,1,65
98,17,68,2,1,1,1,2,0,1,70
71,20,92,0,1,1,1,0,0,2,65
67,21,61,0,1,0,0,2,0,1,61
79,26,97,0,1,1,0,2,2,1,69
88,23,52,0,1,0,0,1,1,1,67
69,19,94,1,1,1,0,2,0,1,65
60,19,73,1,1,3,0,1,1,2,63
74,23,76,2,1,0,0,0,1,1,67
99,28,100,0,2,6,0,1,1,1,76
88,21,94,1,1,0,1,1,1,1,70
76,17,95,2,1,1,2,1,0,0,67
68,14,79,2,2,2,1,2,0,0,66
74,11,98,2,1,1,0,2,0,0,65
67,24,84,2,0,0,1,1,0,2,65
64,23,91,1,0,2,0,0,0,1,63
100,19,89,2,0,2,1,1,2,2,72
67,28,82,2,2,1,0,1,2,0,68
62,17,86,0,1,2,0,1,1,2,62
73,26,72,2,0,1,1,1,0,1,65
78,20,85,1,2,1,0,0,2,1,69
68,16,64,0,1,2,0,0,2,1,61
72,24,82,1,1,2,0,2,1,2,67
68,22,76,2,1,1,0,2,1,1,66
91,22,95,1,0,1,0,1,0,1,70
89,20,84,2,1,5,2,1,2,0,72
85,20,80,0,2,3,2,1,0,1,69
75,34,66,1,0,0,0,2,0,1,68
96,27,93,1,1,2,1,1,1,1,74
99,24,53,1,2,1,0,1,0,2,70
67,21,95,1,1,1,0,2,1,2,67
69,26,83,1,1,4,0,1,1,1,68
81,23,59,0,2,2,2,1,2,1,69
64,20,95,0,2,4,0,1,1,1,66
77,18,66,0,1,3,1,2,1,2,66
83,20,58,2,2,1,0,1,1,1,68
81,1,66,1,1,1,1,0,0,1,60
73,21,98,1,2,0,2,2,2,2,69
82,17,88,1,2,1,0,0,1,1,66
98,30,96,2,1,1,2,1,1,1,77
68,20,65,0,1,1,1,0,2,0,63
86,13,54,0,1,3,1,1,2,1,66
62,20,78,1,2,1,0,2,2,1,64
63,14,74,2,2,1,2,1,0,1,63
82,23,86,1,0,0,0,1,2,1,68
64,22,77,1,2,1,1,0,2,1,65
61,26,70,1,2,1,2,1,1,0,65
83,20,73,1,2,0,1,2,2,1,68
88,12,56,1,0,0,0,1,0,1,62
68,24,96,1,1,1,0,2,0,1,67
87,23,96,2,2,1,1,2,1,2,73
67,23,90,2,2,2,0,2,2,1,69
85,20,58,1,1,0,2,0,0,0,65
76,22,57,1,1,1,0,1,1,1,66
86,30,78,1,2,4,1,2,1,1,73
100,18,86,1,2,1,0,1,1,1,72
98,21,95,1,1,3,0,1,2,0,72
60,13,95,2,0,1,0,2,0,1,61
95,15,58,1,2,2,0,1,0,0,69
63,21,100,1,2,1,2,1,2,1,66
98,27,58,2,2,1,2,2,2,1,74
71,18,92,0,2,1,1,0,0,1,64
75,19,79,2,1,1,0,1,1,1,66
64,18,84,1,2,2,1,1,1,1,64
64,17,80,2,2,3,0,2,1,0,66
89,22,93,2,1,2,0,1,2,1,72
98,11,82,2,2,1,2,1,1,2,71
84,28,92,1,2,1,0,0,1,1,70
89,16,58,1,2,2,1,1,0,0,67
90,24,93,2,1,1,2,1,0,0,71
71,12,100,0,1,2,1,1,2,1,63
62,24,83,2,1,1,1,1,1,0,64
60,24,99,1,1,2,0,1,0,1,64
74,22,61,0,1,1,2,2,0,1,65
70,14,91,1,1,2,0,1,1,2,65
62,21,58,0,1,2,1,1,0,1,62
67,13,76,2,2,2,0,1,0,1,65
65,18,83,2,1,1,0,1,1,0,64
97,26,83,1,1,2,2,2,0,0,74
66,25,84,2,1,2,0,2,2,0,67
82,20,66,1,0,0,2,2,2,0,66
84,14,99,2,2,3,2,1,1,1,70
82,24,50,2,1,0,2,2,1,1,68
73,6,93,1,1,0,0,1,0,0,58
62,25,95,1,1,1,1,1,2,0,65
76,20,86,2,1,2,0,0,1,1,68
68,27,79,1,0,2,2,0,0,1,64
82,13,73,2,1,4,0,0,0,0,66
88,1,72,2,1,3,1,0,1,2,92
81,22,71,1,2,2,0,0,2,1,69
77,22,85,2,1,2,1,1,0,0,68
75,10,87,1,1,2,0,2,1,0,63
94,14,76,1,0,0,0,1,0,1,64
69,37,87,2,1,1,1,0,0,1,68
89,18,76,0,1,0,0,2,0,2,67
90,24,55,1,0,1,2,0,2,1,68
72,7,94,1,1,4,2,2,1,1,66
79,19,63,2,1,4,0,1,0,1,68
64,18,89,2,1,1,0,1,1,0,64
62,18,76,1,2,2,1,0,1,1,63
64,19,56,1,1,0,0,1,0,1,62
67,22,70,2,1,2,0,2,0,2,66
80,19,54,1,2,0,2,0,0,1,65
94,12,89,0,1,1,0,0,0,1,66
69,23,60,2,1,2,0,0,0,1,66
97,8,58,2,1,2,1,1,2,2,69
98,8,60,1,0,1,2,0,2,1,67
98,24,61,2,1,6,0,2,1,1,75
94,23,84,1,2,0,2,1,0,2,73
75,20,82,1,1,0,1,2,0,2,66
63,12,56,1,1,4,1,2,1,0,61
83,16,86,1,1,5,0,0,0,1,68
82,18,67,1,1,1,1,1,1,2,67
94,10,73,2,1,1,0,0,1,1,66
100,16,56,2,1,1,0,1,2,1,69
80,24,85,1,1,3,0,2,0,0,69
74,29,69,2,1,1,1,0,0,1,67
67,17,82,1,2,0,0,2,1,1,65
60,25,71,0,1,2,0,2,2,0,63
80,9,52,0,1,1,2,2,2,0,63
82,24,85,1,1,1,0,0,0,0,66
93,15,78,1,1,0,0,0,1,0,66
80,22,72,2,1,2,1,1,1,0,69
97,19,60,1,2,3,2,0,1,2,72
85,28,81,1,1,2,0,1,0,0,70
94,15,64,2,1,2,1,0,0,1,68
66,24,71,1,2,1,0,1,0,0,66
94,18,53,1,0,3,1,0,0,1,67
87,19,89,1,2,0,2,2,0,1,68
67,19,55,0,1,0,0,2,1,1,62
68,15,95,2,1,1,1,2,1,2,64
97,20,93,0,2,1,1,2,2,0,71
61,20,99,1,2,0,1,1,1,1,65
79,21,95,1,1,0,2,1,1,2,69
73,21,99,1,1,1,0,1,0,1,65
87,25,94,1,1,0,0,2,1,2,71
94,26,56,1,0,1,1,0,2,0,69
74,14,72,1,2,2,1,0,1,2,65
77,25,54,1,0,2,1,1,1,1,66
99,13,77,1,1,0,1,0,1,0,68
91,24,76,2,2,0,0,2,1,1,72
96,24,96,2,2,1,0,0,1,1,74
78,9,98,1,1,3,0,2,0,0,64
69,21,63,0,2,0,0,2,1,1,64
76,17,79,1,1,1,2,1,0,0,63
89,15,73,0,2,2,0,1,0,2,66
64,28,77,1,1,1,0,2,2,1,67
71,16,77,0,2,4,1,1,1,0,64
62,15,96,2,0,0,0,2,1,0,62
93,24,56,2,1,4,2,0,0,0,71
61,19,67,0,2,1,2,2,1,0,63
87,27,88,1,2,1,1,2,0,1,72
97,23,84,2,1,1,0,2,2,0,71
69,7,82,1,0,1,2,2,1,0,61
88,17,100,2,1,1,2,2,0,1,71
99,17,67,1,1,2,2,1,1,0,69
69,4,99,2,1,0,0,1,1,1,61
64,35,85,0,1,2,0,1,1,2,68
66,23,82,2,1,1,0,2,1,2,67
88,21,58,0,2,3,1,1,2,1,70
89,27,62,1,1,0,0,1,0,1,69
87,34,69,0,1,3,1,1,0,2,72
73,25,73,0,1,1,0,2,1,1,66
67,26,75,1,1,2,0,2,1,1,67
83,21,95,1,1,4,0,1,2,2,70
79,19,55,2,1,3,2,1,1,1,68
89,17,62,1,0,2,1,2,1,2,68
78,15,57,2,1,2,0,0,1,2,65
74,16,87,0,1,0,1,2,0,1,63
72,12,99,0,0,0,1,2,0,2,62
68,20,95,2,1,0,0,2,0,1,66
71,10,86,2,1,1,2,0,1,1,62
64,21,51,2,0,0,1,0,2,0,61
74,20,67,1,0,0,1,0,1,2,63
67,17,83,0,2,3,0,2,0,2,64
90,38,60,1,2,2,1,1,0,0,74
73,28,73,1,0,2,2,2,2,1,70
89,21,76,1,0,3,0,2,2,1,68
83,16,95,2,1,2,1,1,0,1,69
61,12,81,1,1,2,1,1,2,1,62
90,23,62,1,2,3,2,2,1,1,71
94,26,53,0,2,0,0,1,0,0,69
67,26,81,2,0,4,1,1,0,2,68
73,28,63,1,0,0,0,2,0,0,65
67,15,94,2,1,1,0,2,1,2,65
84,23,56,0,0,1,0,2,1,0,65
88,24,71,2,2,2,0,0,2,1,72
73,17,59,0,1,2,0,0,0,2,63
82,15,90,2,1,2,0,2,2,2,68
88,30,68,1,1,1,1,2,1,0,72
77,21,59,0,1,3,0,2,0,1,66
94,24,86,1,0,2,1,1,0,2,71
91,15,91,0,1,0,1,2,1,0,67
63,13,73,1,1,2,2,0,0,0,61
85,17,69,2,2,4,0,1,0,1,70
82,14,83,1,1,0,0,0,1,1,64
98,20,83,2,0,0,0,1,0,1,68
95,10,64,1,2,4,2,2,0,2,70
76,13,97,1,0,4,1,1,0,2,65
72,24,61,2,2,3,0,1,0,1,67
69,24,69,0,1,0,1,1,0,1,65
81,18,64,1,0,1,0,2,1,1,65
65,14,97,2,1,3,0,2,0,0,65
82,14,91,0,2,1,0,0,0,2,66
60,18,91,2,1,2,0,0,0,0,62
73,24,50,1,1,1,0,0,0,0,63
69,26,84,0,0,0,0,1,1,1,63
99,17,62,1,1,3,0,1,1,1,70
89,13,98,2,0,0,0,0,1,1,67
74,22,77,2,2,0,0,0,2,0,66
64,15,78,1,2,2,0,2,0,1,63
81,17,68,0,2,1,1,2,0,2,66
69,28,77,1,0,3,1,1,1,1,67
81,25,87,1,1,1,2,0,0,0,68
93,21,78,2,0,1,0,1,1,0,67
85,12,82,2,1,1,0,1,2,1,66
85,21,74,2,2,2,0,1,1,1,71
82,26,86,1,1,0,2,1,0,1,69
97,18,95,0,2,1,2,2,1,2,72
97,28,53,0,2,0,1,0,0,0,70
81,28,55,1,1,2,0,1,1,1,68
72,30,84,1,1,1,0,2,0,1,68
78,22,69,2,0,2,0,0,0,2,67
67,24,64,1,1,1,1,2,0,0,62
85,28,59,0,1,1,2,1,0,0,67
80,23,79,1,2,1,2,0,1,1,69
64,17,67,2,1,3,1,0,0,1,64
68,17,75,2,1,2,1,2,0,1,66
79,21,98,0,2,2,0,2,0,2,69
96,12,88,2,2,0,1,2,1,2,70
83,19,90,1,2,3,1,2,0,0,69
87,27,56,1,1,3,2,1,1,1,72
74,7,66,1,1,1,0,2,0,0,61
83,29,55,1,1,2,0,0,0,2,68
78,27,98,1,1,1,0,2,1,0,68
86,17,84,1,0,0,0,1,1,2,66
62,23,51,1,1,5,1,0,2,1,65
80,20,74,0,2,2,1,0,0,1,66
72,27,63,1,1,1,1,0,2,1,67
73,26,77,2,1,0,1,2,1,1,68
98,12,59,1,0,1,2,1,2,0,67
67,24,53,1,0,0,1,2,1,1,63
72,19,66,0,1,0,2,1,1,1,64
80,20,65,0,1,1,1,2,1,2,66
95,16,86,1,2,0,0,2,0,1,69
77,30,74,0,1,3,2,1,2,1,70
90,26,65,1,1,3,0,2,1,2,72
72,12,54,1,1,3,2,2,0,0,63
76,18,83,2,2,1,0,1,2,1,68
74,23,57,2,1,1,1,1,2,0,67
93,21,64,0,1,2,2,2,0,1,69
62,28,64,1,1,1,2,0,0,2,65
72,25,73,0,2,4,1,1,1,2,69
87,26,98,1,1,0,1,0,1,2,71
83,22,66,0,1,2,0,1,1,1,67
77,12,64,1,0,2,1,2,2,0,64
82,19,58,1,2,2,1,2,1,0,68
68,26,70,0,2,1,1,2,0,1,67
77,20,59,0,0,1,0,0,2,0,62
80,23,57,1,2,2,2,0,1,0,68
96,18,93,1,1,0,1,2,1,1,72
70,14,53,2,1,0,0,0,1,0,61
95,19,86,0,0,0,0,0,2,1,67
86,22,60,1,2,0,2,1,2,2,70
61,16,51,1,0,1,0,1,0,0,59
89,19,90,1,2,0,1,0,0,2,70
61,14,85,1,0,1,0,1,0,2,60
100,27,67,1,2,1,1,1,2,1,74
95,18,54,2,0,0,1,0,1,2,68
72,29,68,1,1,0,1,2,0,0,67
70,29,59,0,1,2,2,1,1,2,67
74,14,76,1,1,1,0,1,0,2,63
75,7,98,1,1,1,1,2,0,0,62
73,11,68,0,2,3,1,1,0,2,64
85,12,78,1,1,3,1,1,1,2,68
67,28,60,1,1,0,0,2,1,2,65
94,21,90,0,1,1,2,2,1,0,71
92,22,52,1,1,1,2,0,1,0,68
79,7,85,2,0,0,0,0,1,1,62
94,13,70,2,2,1,0,0,1,1,68
70,25,79,1,1,3,0,1,2,0,68
61,22,80,1,2,3,2,1,1,2,67
85,19,86,1,1,0,1,2,0,1,67
78,23,60,2,2,2,0,2,2,1,70
83,30,77,1,0,0,0,1,0,1,69
96,19,71,1,0,2,2,2,0,1,70
99,20,64,0,1,1,0,2,2,0,69
85,21,75,1,2,1,0,2,2,0,70
63,7,97,1,0,1,0,1,0,1,59
66,24,64,1,1,0,0,1,1,1,64
89,19,94,2,2,0,1,1,2,1,72
77,23,94,2,0,0,2,2,2,1,70
78,16,62,2,0,0,0,0,2,1,63
72,20,80,1,2,1,1,0,0,1,66
84,24,93,2,2,3,0,1,2,1,72
85,25,68,2,2,1,2,0,2,1,71
67,15,83,1,0,3,0,2,1,0,62
63,17,59,1,1,1,2,2,0,1,62
73,17,58,0,1,4,1,2,1,1,64
69,9,92,2,2,2,2,1,0,1,65
96,18,52,0,2,1,1,1,0,0,68
62,24,90,1,2,0,1,2,2,0,67
67,12,65,1,1,1,0,1,2,0,61
82,26,74,0,0,2,0,0,1,2,68
79,23,77,2,1,1,0,1,0,1,68
62,16,88,1,1,1,0,1,0,1,62
60,19,94,0,1,1,0,1,0,2,62
100,30,90,2,2,0,0,2,1,0,74
86,24,79,1,1,0,0,1,0,1,68
75,20,67,2,0,1,1,2,2,1,66
71,20,52,1,2,1,0,1,1,2,65
74,17,62,1,1,2,0,2,2,1,66
86,7,68,1,2,5,2,2,0,1,67
95,32,66,1,1,5,1,0,2,2,76
67,21,55,2,0,2,0,2,2,2,66
94,22,53,0,0,1,1,1,1,2,68
65,20,71,1,2,2,1,1,0,0,63
69,16,54,2,1,4,1,2,0,1,65
61,19,64,1,2,3,0,2,0,1,63
66,10,74,1,1,2,0,0,0,0,59
97,34,60,1,1,2,0,1,1,1,74
78,13,54,0,1,2,1,2,0,0,62
63,14,72,0,0,3,0,2,0,1,59
98,17,72,2,1,0,0,2,0,2,71
95,28,96,1,1,1,2,1,1,1,73
90,20,56,1,2,0,0,2,0,1,68
97,13,81,1,1,3,0,1,0,1,68
69,28,66,1,1,0,1,2,0,1,66
93,24,56,2,0,1,1,1,0,1,69
88,23,70,1,1,2,0,1,1,1,70
95,24,71,2,1,1,0,2,1,2,74
92,34,68,1,2,0,1,2,1,0,75
74,33,88,1,1,2,1,1,1,1,71
91,16,92,2,2,2,0,2,0,0,71
70,30,57,1,1,1,1,0,0,1,65
73,22,58,1,0,1,2,2,1,2,65
64,23,71,2,1,2,2,0,1,0,65
97,10,66,1,1,2,2,1,0,1,67
81,15,100,1,1,1,2,1,0,1,67
76,25,59,2,2,4,1,1,1,1,71
98,26,88,0,2,1,1,1,1,0,72
73,8,80,2,1,0,1,1,0,0,62
91,20,82,0,2,0,1,1,1,1,70
94,27,63,2,1,0,1,1,0,2,72
77,19,55,1,0,0,1,2,1,1,64
75,24,77,0,2,1,1,0,0,2,66
90,22,81,1,0,0,0,1,1,1,69
97,22,98,1,2,0,1,0,1,2,71
90,18,84,0,1,2,0,2,0,2,68
69,13,72,1,1,2,0,2,2,0,63
96,13,100,2,1,4,0,0,1,1,71
83,20,58,2,0,0,0,1,0,1,66
93,19,81,0,0,2,1,2,2,1,68
68,17,63,1,1,0,0,1,0,1,61
91,18,96,2,0,2,2,2,0,1,71
84,26,71,2,1,0,0,1,1,1,70
96,18,57,0,2,1,0,0,0,0,66
67,12,57,1,2,0,1,2,0,0,61
77,24,82,0,2,1,0,1,1,0,67
93,19,68,1,2,1,2,2,2,1,72
61,20,68,2,2,1,0,2,2,1,65
64,30,81,1,2,3,1,0,1,0,68
100,20,61,1,0,3,1,2,1,2,70
71,22,57,0,1,1,0,0,0,1,63
99,13,83,0,2,1,2,1,1,1,69
67,19,50,0,1,0,0,2,2,1,62
74,24,95,2,2,1,2,1,2,2,71
90,11,59,0,0,1,0,2,0,0,64
86,21,72,1,2,0,0,2,2,1,69
83,21,61,2,1,2,2,2,0,2,71
81,20,61,1,0,0,0,2,0,0,63
94,26,92,2,0,1,0,1,0,0,72
69,22,79,1,1,1,1,2,0,1,66
78,29,66,1,2,2,0,1,0,1,69
66,14,63,1,1,0,0,2,0,0,60
84,21,61,2,2,1,0,0,1,0,68
70,21,78,2,1,3,1,1,1,1,65
73,14,87,1,2,2,1,2,1,2,67
79,26,63,0,1,0,0,2,0,1,66
61,34,67,1,1,1,2,1,2,2,68
64,20,86,1,0,0,0,0,0,1,63
87,23,87,2,2,1,1,2,1,1,73
77,21,60,1,1,1,1,1,1,1,66
95,16,69,1,0,2,1,1,0,0,67
88,9,93,1,0,2,2,1,1,0,66
60,16,87,0,1,0,0,2,0,0,60
85,12,58,2,2,1,2,2,0,0,67
64,30,69,1,1,3,0,0,2,1,67
91,19,99,1,1,0,0,1,1,2,70
100,18,76,0,2,1,0,2,0,0,69
81,25,86,0,1,1,2,0,0,1,68
87,13,55,0,2,1,0,2,2,2,67
69,15,92,2,1,0,1,1,0,0,63
78,20,80,1,2,2,1,2,2,2,70
94,26,59,1,0,4,0,1,0,2,71
67,23,69,2,2,1,0,1,2,0,67
71,21,54,1,1,1,0,1,1,2,64
78,20,89,1,0,0,1,1,1,2,66
88,22,87,1,1,1,2,1,0,0,70
75,21,75,0,1,1,0,0,1,2,65
97,14,73,1,0,2,1,2,1,1,68
64,20,73,0,1,3,2,0,1,2,65
75,14,52,1,2,3,2,1,1,1,65
88,20,68,1,1,0,1,2,0,1,69
69,17,56,1,1,1,0,1,1,1,63
86,35,59,1,0,2,1,2,0,1,70
67,20,98,0,0,1,1,1,1,1,64
62,12,63,2,1,1,0,1,2,2,62
97,23,94,0,2,2,0,2,0,2,73
82,30,71,2,1,3,2,1,0,1,72
92,16,76,1,1,0,2,1,2,2,68
73,11,58,2,1,0,1,2,1,1,62
80,12,75,0,1,1,0,0,0,1,62
98,17,68,2,2,2,0,2,1,1,72
90,18,52,2,0,2,0,0,1,2,67
89,20,70,1,2,1,0,2,0,0,68
62,24,91,2,0,2,0,1,1,1,65
82,16,56,1,1,0,0,0,2,0,79
79,18,51,0,2,2,0,2,1,2,66
97,20,56,1,1,1,0,1,0,0,68
70,21,84,0,0,1,2,2,2,1,65
71,21,90,2,1,3,0,1,0,1,67
76,23,52,2,1,3,1,1,1,0,67
65,22,81,1,1,5,1,2,1,2,68
94,23,76,2,1,3,0,2,1,0,72
82,11,63,1,2,1,0,1,1,2,65
94,20,69,1,0,0,0,2,0,0,65
93,23,97,1,1,1,1,2,1,0,70
82,16,81,2,1,1,1,1,1,1,68
63,16,79,1,1,2,1,2,0,1,63
97,17,61,1,1,2,0,1,0,0,68
76,23,98,2,1,0,2,1,1,1,69
76,26,88,0,0,2,0,2,0,0,66
72,18,69,1,2,2,0,1,2,2,64
78,25,91,0,2,3,0,0,0,1,69
70,21,61,1,0,1,0,1,0,1,62
75,19,61,2,1,0,0,0,1,2,65
92,19,90,1,1,1,0,2,0,1,70
93,24,78,2,0,1,0,1,2,1,72
72,22,78,1,1,1,0,2,0,2,66
79,34,79,0,2,3,0,0,1,0,70
95,15,56,1,1,3,0,2,0,1,67
62,23,67,2,2,1,2,0,0,0,65
96,17,79,0,1,3,2,1,1,0,68
69,15,62,1,0,2,0,1,1,0,62
87,20,75,1,0,1,2,0,0,2,68
83,21,78,1,2,2,0,2,2,1,69
82,38,97,0,1,2,1,0,0,0,72
94,19,62,1,0,0,0,0,1,1,65
64,13,72,2,1,2,2,1,1,1,63
74,22,99,2,2,0,1,1,0,1,68
82,8,59,0,2,1,1,1,1,1,62
92,19,89,1,1,0,2,1,0,1,69
69,20,59,0,1,2,0,2,2,1,65
92,25,93,1,2,3,0,1,2,2,74
76,26,74,0,2,4,0,2,1,1,70
68,17,99,0,1,2,0,2,1,2,65
90,19,59,2,2,3,1,1,2,0,70
64,15,84,0,0,0,1,1,1,0,59
81,13,85,1,0,1,0,1,0,0,63
63,22,86,2,0,0,1,1,0,0,64
74,12,55,2,0,0,2,2,1,2,63
84,18,64,0,2,2,0,2,0,1,67
82,14,67,1,1,1,0,1,2,1,65
76,23,66,1,1,2,1,1,1,1,67
69,12,53,2,2,2,1,1,0,0,64
78,9,87,2,0,0,2,2,1,1,65
98,19,76,2,1,2,0,2,1,1,72
94,20,59,1,2,3,0,2,1,2,72
66,21,61,1,2,2,1,1,2,1,66
61,17,55,1,2,1,1,0,1,2,62
97,19,73,1,0,2,1,0,1,1,68
81,22,80,0,1,1,1,2,1,0,67
82,26,79,0,2,1,2,2,1,1,69
91,8,98,0,2,1,0,2,1,1,67
73,18,65,1,1,1,1,0,0,1,63
79,21,88,1,0,0,0,0,0,0,65
99,14,86,1,2,2,1,0,2,0,71
87,30,53,1,1,1,2,1,0,0,70
66,16,97,1,1,5,2,2,0,1,68
65,20,97,1,1,0,1,0,0,2,65
68,23,70,2,1,4,0,2,1,1,68
91,16,71,1,1,2,1,0,2,1,69
72,9,91,2,1,1,0,1,2,1,62
61,17,75,2,0,2,1,0,1,1,62
98,26,90,0,2,1,2,2,2,0,72
67,18,52,1,2,0,2,1,1,2,64
60,15,63,1,2,0,0,2,0,0,58
69,26,55,1,2,1,1,1,0,0,66
69,18,73,0,1,1,2,2,0,0,64
77,17,93,2,1,3,1,2,2,0,68
97,21,78,0,0,0,2,1,2,1,69
95,25,76,2,0,1,0,2,0,1,71
78,34,68,2,1,1,1,0,1,1,71
76,25,53,1,1,0,0,2,2,1,67
82,27,88,0,2,2,0,1,2,1,71
62,14,97,1,1,0,0,2,1,2,62
98,20,72,1,1,1,0,0,2,1,70
67,21,70,2,0,2,2,0,0,0,63
68,14,99,1,2,0,0,2,2,2,66
79,19,57,1,1,2,0,2,0,0,65
80,22,63,2,1,1,1,2,2,1,69
61,22,74,0,2,1,0,0,0,1,63
66,23,76,1,1,1,1,1,2,0,64
75,22,77,1,1,2,0,1,0,2,66
87,17,61,1,1,4,0,0,2,1,67
69,17,96,2,2,2,1,0,0,1,66
77,13,85,2,0,2,2,1,0,0,65
82,31,63,1,2,2,2,2,2,1,72
96,20,65,1,2,0,0,1,1,2,70
73,19,94,1,1,1,1,2,2,1,67
80,38,78,1,2,1,1,2,0,1,72
90,14,56,1,1,0,0,1,0,1,65
64,17,63,0,2,0,0,2,2,1,62
77,22,71,2,1,3,0,0,0,2,67
61,24,83,1,1,0,0,2,1,2,64
79,31,98,2,1,1,1,1,1,1,72
72,23,61,1,0,1,0,2,2,2,66
94,14,89,1,2,0,2,2,1,1,70
84,18,68,0,1,0,2,0,1,0,66
78,22,92,2,2,1,0,2,2,0,70
76,32,96,0,0,0,0,1,0,0,67
80,12,59,1,1,1,0,2,0,2,64
96,21,58,2,2,0,1,1,2,1,72
100,25,85,0,2,1,0,2,1,0,72
67,19,92,1,2,2,2,1,2,0,68
65,15,69,1,1,1,2,1,2,1,64
66,25,70,1,2,1,0,2,2,1,66
86,24,60,2,0,0,1,2,0,1,68
86,26,65,0,0,0,0,1,0,0,66
94,20,66,2,0,1,0,2,0,2,70
90,16,58,2,2,1,2,1,0,2,70
85,25,95,1,0,0,1,2,1,1,69
88,23,66,1,1,2,1,2,1,0,69
81,14,64,1,1,2,1,2,1,1,66
79,17,69,2,2,4,2,0,0,1,68
86,17,98,2,1,2,2,2,0,1,71
82,11,88,1,1,1,2,0,0,1,64
86,15,60,2,0,2,1,2,1,1,67
85,13,88,2,1,2,0,2,1,1,68
86,16,98,1,1,1,2,1,0,2,68
81,10,95,2,1,5,0,2,0,1,69
87,32,55,2,1,0,0,1,0,1,71
78,28,73,0,2,3,0,2,0,0,68
70,15,85,2,2,0,1,2,0,2,65
60,22,99,1,0,1,1,1,0,1,63
82,23,54,1,0,0,0,0,1,1,65
84,27,68,2,2,3,2,2,0,0,72
99,15,75,1,0,2,1,1,1,0,67
74,27,71,2,1,1,0,2,1,1,69
76,17,73,1,1,3,2,1,0,1,67
68,12,68,1,2,2,1,2,1,0,64
63,24,99,0,1,0,0,2,0,0,62
91,28,90,1,0,2,0,1,2,1,71
84,13,71,1,0,1,1,1,1,0,64
88,24,94,1,1,0,2,0,0,1,69
79,18,55,1,1,1,0,2,0,1,65
95,25,57,2,2,2,1,0,2,1,73
78,11,98,0,1,2,0,1,1,0,64
71,12,78,2,1,2,2,0,1,0,64
96,15,58,1,1,3,2,1,1,1,70
94,20,97,0,0,2,1,2,1,0,70
67,16,99,2,2,2,0,1,1,1,64
61,24,94,1,0,3,1,1,1,1,64
64,26,62,1,1,3,0,0,1,2,66
71,24,64,2,0,1,1,1,1,1,66
99,30,70,1,1,2,0,1,1,0,74
82,22,79,2,2,2,1,0,1,1,69
75,13,100,2,0,1,2,2,1,2,67
96,28,98,1,1,5,0,1,0,2,73
78,16,96,1,0,0,2,2,1,2,66
73,25,54,1,2,2,0,1,1,2,67
98,29,88,2,1,3,1,1,0,0,75
94,23,94,2,1,2,0,2,1,0,73
94,11,67,1,1,2,0,1,2,1,67
80,14,61,0,2,0,1,1,1,1,65
92,28,87,1,1,1,0,2,0,0,71
67,19,55,1,1,1,0,1,1,0,63
83,20,97,0,1,2,0,1,0,2,68
99,25,58,2,1,0,0,2,1,2,72
72,24,73,2,0,2,0,2,1,0,67
92,22,99,2,1,1,1,0,1,0,71
80,19,99,0,0,1,2,2,0,2,67
62,18,89,2,1,0,2,2,2,1,66
91,25,92,2,1,3,0,0,0,1,72
67,23,98,0,0,2,1,0,0,1,64
85,18,96,1,1,0,1,0,2,1,68
63,26,81,2,2,0,0,0,0,1,65
98,19,87,2,1,1,2,2,1,2,74
72,15,80,0,1,4,1,1,1,1,65
69,15,75,0,2,2,0,2,0,1,63
65,14,94,1,1,5,2,0,0,1,65
98,18,87,2,0,0,0,1,1,1,70
88,27,93,2,1,0,0,1,0,1,71
90,15,55,1,1,1,1,1,0,1,66
80,21,79,1,1,2,1,2,1,0,69
79,16,66,2,1,2,1,1,1,2,67
64,18,76,2,1,1,0,2,0,0,64
82,11,81,2,2,2,0,2,0,2,67
70,19,92,2,1,1,0,2,0,1,67
99,19,52,1,2,1,0,1,1,1,70
92,23,58,2,2,2,2,1,0,1,71
77,21,96,0,1,2,0,1,0,2,68
66,13,98,2,2,1,0,2,2,0,65
91,27,53,1,1,1,2,2,0,1,70
68,21,50,2,2,3,0,1,1,2,67
68,20,88,0,0,5,0,1,0,1,63
82,17,84,0,1,2,0,0,0,2,65
91,21,78,1,1,2,0,0,0,2,70
73,23,85,2,1,1,1,1,0,1,67
63,10,77,2,1,3,0,1,0,0,60
79,17,62,2,0,1,0,1,0,0,64
90,18,88,1,0,1,0,0,1,0,65
69,22,89,1,1,0,0,2,0,0,64
69,27,93,0,1,1,1,2,1,1,67
98,15,98,1,1,0,0,2,1,2,71
98,17,87,1,1,0,0,2,2,0,69
100,17,53,2,1,1,0,2,1,0,70
92,15,51,1,1,1,1,2,2,1,69
68,18,87,2,2,3,0,2,1,2,69
74,14,66,1,0,0,2,0,1,1,63
73,23,57,1,2,3,1,2,1,1,67
98,10,98,1,1,0,1,1,1,0,66
92,17,66,2,1,2,0,2,0,1,69
89,18,53,1,1,5,1,1,0,1,69
96,18,80,2,1,1,1,2,0,2,72
93,7,52,2,2,1,0,0,1,2,65
67,8,92,1,1,0,1,2,2,1,63
95,20,58,1,1,1,1,1,0,0,69
71,24,90,1,2,3,1,1,1,0,69
63,22,80,0,1,2,1,0,2,1,64
86,21,59,0,1,2,1,2,1,2,69
86,27,88,2,1,1,2,1,1,1,72
64,17,73,0,1,1,1,1,0,2,62
73,25,82,1,2,1,0,2,1,0,66
100,10,93,1,0,2,0,1,1,0,65
87,15,63,2,2,0,1,1,2,1,69
89,9,68,0,1,1,0,0,2,2,65
69,18,100,1,2,3,0,0,1,1,67
63,20,75,1,0,2,0,1,1,0,63
71,21,78,1,2,2,0,1,1,0,66
70,20,64,1,0,0,0,2,0,0,61
68,19,75,0,1,1,2,1,1,0,64
83,11,63,1,1,2,1,1,0,1,65
73,28,62,0,1,3,2,1,2,1,68
93,18,80,2,0,1,0,0,1,1,69
67,17,59,1,1,0,0,0,1,1,61
79,30,78,2,1,3,2,2,2,1,72
61,13,85,0,1,4,1,1,0,1,61
79,13,60,2,2,1,1,1,0,1,66
62,13,87,1,0,1,1,0,0,1,60
99,20,68,0,1,1,2,2,0,0,69
92,23,100,2,1,1,1,1,2,1,72
80,24,99,2,1,2,0,0,1,0,69
63,35,90,2,2,0,1,2,1,0,71
84,7,67,2,1,1,1,1,1,1,64
90,24,97,0,0,3,0,2,0,2,71
68,17,100,1,0,1,0,0,1,2,64
83,16,73,1,1,3,1,0,0,2,67
93,16,81,0,1,2,2,0,0,1,67
91,15,50,2,0,1,0,1,1,2,66
92,30,52,1,0,3,1,2,2,1,73
95,25,75,2,1,1,0,2,1,1,73
98,20,80,1,1,0,1,2,1,1,70
76,28,66,1,0,5,1,2,2,1,70
83,11,55,0,1,0,2,2,0,0,62
92,12,89,0,2,1,2,1,1,1,68
88,7,71,2,2,0,0,2,0,1,65
100,16,82,2,2,2,0,2,2,1,73
74,21,77,2,1,0,1,1,1,2,66
71,21,59,1,0,3,1,1,0,1,64
70,12,81,2,1,0,0,2,0,2,63
69,25,66,1,1,0,1,1,0,1,62
88,21,91,1,2,0,2,1,0,0,70
63,24,60,1,1,3,0,1,2,1,65
90,9,65,1,1,0,0,1,1,1,64
88,22,72,1,1,4,2,0,2,0,70
70,13,87,1,1,1,0,1,0,1,62
70,18,86,1,1,5,0,2,2,1,67
85,23,67,0,1,1,2,1,1,0,66
90,21,76,2,2,2,1,2,2,2,74
95,15,62,2,1,2,0,2,1,1,69
94,20,89,2,1,0,0,2,1,0,70
99,11,60,1,1,1,1,2,2,1,68
96,19,97,1,1,3,0,0,1,1,71
92,27,100,0,1,2,2,2,1,2,73
96,17,93,1,1,3,0,1,1,0,69
60,17,61,0,0,1,2,2,0,1,61
99,15,71,1,1,0,1,1,1,1,68
79,25,54,0,1,1,2,2,0,1,66
92,16,58,0,2,0,0,2,2,0,67
65,24,52,2,0,1,2,1,2,1,64
76,18,82,2,0,1,1,0,1,2,67
71,8,77,1,2,0,0,1,2,1,61
72,17,96,1,0,2,0,1,0,2,65
65,13,73,2,0,0,2,2,0,1,62
92,20,82,2,0,0,0,1,1,1,69
60,13,70,2,2,1,1,0,1,1,61
73,26,91,1,2,4,0,1,0,1,69
67,19,96,0,1,1,1,2,2,2,64
84,19,72,0,1,1,0,2,0,2,65
70,24,54,2,1,1,0,1,2,0,64
70,26,58,2,2,1,2,2,0,1,68
80,20,86,1,0,1,0,2,0,2,67
86,15,66,1,2,0,1,2,1,0,68
65,9,89,1,0,2,0,2,0,1,61
67,16,87,2,1,5,1,2,2,2,69
70,16,85,2,0,0,0,1,1,2,64
99,21,91,1,2,3,1,2,1,1,74
76,18,88,1,1,1,1,1,1,0,66
84,24,82,1,1,1,0,0,1,1,68
70,16,50,2,1,3,2,1,2,2,65
80,20,76,2,1,0,1,0,0,1,66
63,27,80,0,2,2,0,2,1,1,66
61,22,98,0,1,3,1,1,2,2,65
79,20,83,1,1,3,1,1,0,1,67
76,16,79,1,0,0,2,2,0,1,65
65,16,77,1,1,1,0,2,2,1,63
88,15,55,1,2,1,0,1,2,1,67
100,17,71,2,1,2,0,1,0,0,70
76,25,57,2,2,0,2,2,1,0,68
85,19,53,1,1,1,1,1,1,2,66
99,12,66,1,1,3,2,0,1,0,67
93,31,82,0,1,2,0,1,2,0,72
79,22,93,2,2,0,0,0,1,1,68
89,12,91,2,1,1,0,1,0,1,66
65,17,65,1,1,0,0,1,2,1,62
80,21,52,0,2,1,0,0,0,1,65
71,30,70,0,2,3,0,1,1,0,67
66,13,66,1,1,3,1,0,1,0,62
77,26,69,0,1,1,0,1,2,0,66
65,28,78,1,1,1,1,2,2,2,67
88,16,52,1,1,2,0,2,2,1,68
78,18,69,1,1,1,2,0,1,1,66
81,14,78,2,2,0,1,2,1,1,68
66,19,72,1,0,2,0,0,0,1,62
83,24,59,0,2,1,0,2,0,1,68
99,27,58,0,0,2,2,2,1,0,71
64,16,65,1,1,2,0,1,1,1,63
71,8,55,1,2,1,1,2,0,2,62
95,20,62,0,2,1,1,2,0,0,69
63,22,54,1,1,0,0,2,1,1,62
95,21,70,1,0,3,0,2,2,1,71
81,18,86,2,0,3,1,2,0,1,69
76,21,64,1,1,1,0,2,1,0,66
72,29,50,1,0,0,0,1,0,0,64
72,22,78,2,0,1,2,1,0,0,65
72,18,85,2,2,1,0,2,2,2,68
95,17,70,1,2,1,0,1,0,2,69
89,19,65,1,2,2,2,1,0,0,68
87,30,75,1,0,3,1,1,0,0,71
92,19,55,1,0,1,0,1,1,1,66
70,20,82,0,2,2,0,2,0,1,65
78,27,85,2,2,0,1,2,2,1,72
91,32,66,1,2,3,2,1,0,1,75
72,23,92,0,2,2,1,0,2,0,67
86,20,97,1,1,1,0,1,0,0,67
95,20,65,1,1,2,1,1,0,2,70
76,6,63,1,1,5,1,1,1,1,64
63,24,85,1,1,1,0,2,0,2,65
81,21,85,1,1,1,2,0,0,1,68
74,23,76,2,2,1,1,1,1,1,67
87,16,96,1,0,1,1,2,0,1,66
98,18,57,1,2,0,2,1,2,0,69
79,18,74,2,0,2,0,0,0,0,64
79,26,52,2,1,1,2,0,1,2,68
86,18,53,1,2,5,0,0,0,0,68
64,32,53,2,0,1,1,2,0,0,65
70,23,75,1,1,0,0,2,2,1,65
97,12,79,1,0,1,0,0,1,1,65
87,19,50,1,2,0,0,1,2,0,67
61,16,82,1,2,2,0,0,0,1,63
68,7,74,1,2,1,0,2,0,1,62
87,30,61,1,2,2,0,1,1,2,73
91,24,51,2,2,2,0,1,1,2,72
94,23,58,1,0,5,0,1,0,2,71
72,21,80,1,1,3,0,1,0,2,67
97,12,83,0,1,0,1,1,0,1,66
82,17,82,2,1,1,0,2,1,2,68
88,25,58,2,2,0,2,0,0,0,70
84,14,96,1,1,2,2,1,0,1,66
65,5,71,2,0,0,1,0,0,1,56
99,19,88,2,1,1,0,2,0,2,71
65,19,58,2,0,2,2,2,1,1,64
70,21,74,1,1,2,2,2,1,0,65
93,24,76,1,1,2,0,1,0,2,70
85,24,89,0,2,1,2,2,0,1,70
94,22,81,2,0,2,0,1,1,1,71
81,27,70,2,2,0,0,2,0,1,70
75,11,64,2,0,3,1,1,0,1,62
97,23,99,1,1,1,0,2,0,0,72
61,24,64,1,1,0,0,2,0,0,62
94,13,56,1,0,2,1,1,0,2,67
69,11,65,1,0,0,1,0,0,0,58
94,16,66,1,0,3,1,0,1,1,69
66,16,56,0,1,0,1,2,0,1,60
83,25,85,2,2,2,1,0,0,2,72
96,16,81,1,1,0,0,0,0,1,66
79,15,66,2,1,2,1,2,0,1,66
90,16,100,2,1,1,0,0,2,0,69
92,27,83,1,0,2,1,2,0,0,70
89,20,85,1,0,2,2,2,1,1,70
97,19,78,2,2,0,1,0,1,0,70
78,19,78,2,0,2,1,0,0,1,67
67,28,51,1,2,2,0,1,1,1,67
62,16,89,0,0,0,0,1,1,2,59
66,21,56,1,2,1,2,1,0,1,65
82,19,90,1,1,1,1,0,2,1,68
67,35,77,2,2,1,1,2,0,0,71
62,14,64,1,1,2,1,1,0,1,61
61,18,96,1,1,0,0,0,1,1,63
93,13,51,2,1,1,0,1,0,0,67
84,26,64,1,2,1,1,1,1,1,69
74,30,94,2,1,0,0,2,1,0,70
96,30,74,0,1,0,0,0,0,2,69
63,27,80,1,2,1,0,1,0,1,66
99,19,87,0,1,1,0,2,1,0,70
85,18,57,1,1,2,2,1,1,0,67
67,10,61,2,2,0,0,1,0,1,61
87,32,100,2,1,2,2,1,1,1,74
91,23,62,2,1,1,1,0,1,0,70
77,17,77,1,2,0,0,2,1,0,66
94,28,65,2,1,1,0,2,0,2,73
66,14,93,1,1,1,0,0,1,1,62
71,22,98,0,1,2,0,1,0,0,65
64,19,57,1,2,0,0,1,1,0,62
68,24,80,1,0,1,2,2,0,1,64
70,20,91,1,1,1,0,0,0,1,63
97,11,91,1,1,1,0,2,1,1,69
63,20,72,1,1,3,2,0,0,0,63
77,26,61,1,1,1,1,1,0,1,67
81,20,69,0,1,1,0,1,1,1,65
96,25,88,2,1,0,0,1,0,1,71
100,14,100,1,1,3,2,1,0,1,71
90,20,78,1,1,0,2,2,1,2,69
99,16,60,2,1,2,2,1,0,1,71
91,24,52,1,0,1,0,1,0,1,68
99,20,97,1,0,2,0,1,0,1,70
88,24,74,2,1,0,2,1,0,1,71
63,27,86,1,1,1,2,2,1,1,68
76,24,83,2,0,1,0,2,2,1,69
86,22,95,1,1,4,1,2,1,1,71
74,14,63,1,2,2,1,2,0,0,63
71,20,72,1,0,4,2,2,1,1,66
83,17,96,1,1,1,1,2,0,1,67
97,18,79,0,2,3,0,2,2,1,71
61,18,54,0,0,0,1,1,1,1,59
91,14,60,1,2,0,0,1,2,1,67
89,8,62,2,2,2,0,2,1,1,66
99,16,100,2,0,1,0,2,2,2,72
97,21,61,2,2,0,2,1,0,0,70
90,12,93,1,1,3,0,1,2,0,68
81,20,54,1,0,0,1,2,0,0,63
68,31,59,1,1,3,2,1,2,1,69
82,26,94,1,0,0,0,2,0,0,67
91,30,95,2,1,1,1,2,1,0,75
96,22,59,0,0,0,0,2,1,1,67
92,27,61,2,2,0,2,2,1,1,74
68,16,77,2,1,1,2,2,1,1,66
84,16,53,2,1,2,0,1,0,1,65
73,4,97,1,0,1,0,0,0,2,60
60,27,68,2,1,1,0,0,1,2,63
68,29,74,2,0,3,2,1,2,0,69
65,17,55,2,2,1,0,2,1,1,64
94,18,52,1,0,1,1,2,1,1,68
71,22,56,1,1,0,2,1,1,0,65
98,27,82,2,1,0,0,2,2,1,74
75,10,90,2,1,2,2,2,0,1,65
60,22,52,1,1,0,0,0,0,1,61
71,18,81,2,1,1,0,2,0,1,66
65,21,91,2,1,1,0,2,1,2,67
64,23,72,1,2,0,1,2,0,1,66
63,19,98,1,2,4,2,2,2,2,69
84,19,56,1,1,2,0,1,0,0,65
68,19,66,2,2,2,0,1,1,1,65
74,26,62,1,2,0,0,1,0,1,66
94,23,100,2,1,2,2,1,1,0,73
77,21,65,1,0,2,0,0,0,1,64
97,12,69,0,1,0,0,2,0,0,67
80,18,92,0,1,0,1,2,1,2,67
76,25,96,0,1,3,0,2,1,1,68
90,20,97,0,1,2,1,2,2,1,71
63,24,78,1,1,0,0,0,0,1,64
64,31,83,1,1,1,0,2,1,1,67
86,26,67,0,1,2,0,2,0,1,68
79,21,80,1,0,1,1,0,0,2,67
92,17,65,1,0,3,1,2,1,2,70
97,5,87,0,1,2,0,1,1,1,64
76,19,65,1,1,0,0,1,0,1,63
84,18,94,2,2,3,0,1,2,1,71
80,22,57,0,0,1,2,1,0,0,64
99,19,79,0,0,3,0,2,1,2,70
93,18,76,2,1,3,1,0,0,2,70
96,9,63,2,1,1,0,1,2,1,67
70,14,51,1,1,1,1,0,0,0,62
91,23,57,1,1,2,0,2,0,0,69
71,30,98,2,0,2,0,2,2,0,69
68,19,97,2,0,0,1,2,0,0,62
98,22,56,1,0,1,1,1,2,2,70
61,26,69,1,1,2,0,2,1,2,66
99,15,73,1,2,1,0,2,0,0,69
66,22,74,0,1,3,2,0,0,1,65
93,16,65,2,0,0,0,0,1,0,66
71,25,96,1,2,2,0,2,0,0,69
74,21,95,1,2,1,0,2,1,0,66
69,22,51,2,0,1,0,2,0,1,65
83,15,83,0,1,1,2,1,2,0,66
86,33,80,1,0,0,2,1,0,1,72
61,14,93,1,1,3,0,0,1,0,62
63,18,82,2,2,1,0,0,2,1,64
64,21,73,0,1,2,1,0,0,2,61
77,25,98,1,2,0,0,2,2,0,70
93,17,87,1,1,1,0,0,0,1,67
96,3,62,2,2,3,0,1,0,1,66
70,28,69,1,1,2,0,2,0,1,66
83,25,88,1,0,1,1,1,1,0,68
91,10,51,2,2,0,2,2,0,1,67
72,16,53,2,1,1,1,2,2,1,65
76,29,93,2,1,0,1,2,1,0,70
81,29,52,1,1,1,1,1,2,1,69
65,26,84,1,1,1,2,2,0,1,68
61,19,66,1,1,0,0,1,2,1,61
66,20,91,2,1,0,0,0,1,0,65
85,19,92,2,2,3,1,1,1,1,71
63,27,98,2,1,0,0,0,1,0,66
68,15,55,2,1,0,0,2,2,1,62
74,15,71,0,0,0,2,0,0,1,61
63,26,79,2,2,1,0,0,0,1,67
68,20,96,2,1,0,0,1,0,1,66
96,28,63,2,0,1,0,2,2,2,71
61,16,54,2,1,0,1,2,0,2,62
86,20,60,1,1,1,2,1,2,0,67
75,14,75,1,1,0,0,1,0,1,64
87,20,84,0,1,2,0,1,1,1,68
84,11,85,1,1,3,1,1,1,2,67
69,17,54,1,1,1,0,1,2,2,63
94,11,88,2,2,2,0,2,1,1,70
80,24,83,2,0,1,0,0,0,1,67
93,24,70,2,1,1,0,1,1,0,71
76,10,79,0,1,3,0,1,1,0,62
99,28,88,1,1,3,0,2,0,1,75
91,35,63,1,0,1,0,1,1,0,72
99,20,97,0,1,4,1,1,2,0,73
81,16,57,1,0,3,0,2,0,2,64
79,37,95,2,1,1,0,0,2,2,73
90,12,87,0,1,2,2,1,0,0,66
95,20,83,0,0,1,0,2,1,2,69
99,21,54,1,1,1,1,1,0,2,70
73,28,96,2,1,1,2,0,1,1,70
92,22,65,2,2,0,0,2,1,1,71
68,17,87,2,0,0,1,2,0,2,64
82,14,94,2,1,7,2,0,1,0,71
67,18,62,1,2,1,0,2,0,2,63
74,14,96,2,2,2,1,1,0,0,68
97,20,81,1,1,3,1,1,1,1,71
66,17,83,1,1,4,0,0,1,1,65
85,11,96,1,2,1,0,1,0,1,66
84,28,76,2,2,0,0,0,2,2,72
65,17,72,2,2,1,1,2,0,0,65
73,12,82,1,0,1,0,2,0,1,60
83,19,78,1,0,2,2,2,0,2,67
67,20,53,2,1,1,2,2,0,2,65
92,10,59,0,2,0,0,0,0,2,64
99,22,51,2,2,2,0,0,2,1,72
69,14,55,1,2,3,0,2,0,1,62
67,30,86,1,1,0,0,1,0,1,67
78,23,50,1,1,1,2,2,1,1,67
90,18,65,1,1,4,1,2,1,0,69
71,16,72,2,2,1,1,1,1,0,65
61,19,97,2,1,0,1,0,1,0,62
82,24,66,1,2,0,2,1,1,1,69
98,20,89,2,1,1,1,2,2,1,72
76,19,70,2,0,1,1,0,0,0,63
77,20,55,1,2,1,1,0,1,0,64
99,16,55,1,0,1,1,1,2,1,67
88,18,72,1,1,2,2,1,2,2,70
89,7,53,0,2,3,0,1,0,1,64
83,26,79,1,1,1,0,1,2,1,69
99,22,75,2,2,2,0,0,1,0,72
88,15,85,1,1,4,2,0,1,1,69
96,31,59,1,2,3,0,1,0,1,75
88,21,80,1,0,1,2,2,1,0,67
89,14,59,1,1,1,1,1,0,2,67
72,22,65,0,1,0,0,1,1,2,64
91,22,81,0,1,2,0,0,0,1,68
72,17,94,1,2,1,0,1,0,2,66
83,23,74,1,2,3,2,0,0,1,69
70,18,60,0,2,1,1,2,1,1,65
93,23,94,0,1,2,0,0,1,2,70
64,9,68,0,1,0,0,0,1,0,57
93,17,87,1,1,2,1,0,2,0,69
84,30,66,0,2,0,2,2,1,0,70
67,15,65,1,0,4,1,0,1,1,63
82,16,82,1,1,1,2,1,1,1,66
74,7,69,1,2,1,0,2,2,2,64
63,19,51,0,1,2,0,1,1,2,62
99,21,65,1,2,1,1,2,1,0,71
61,20,89,2,1,1,2,1,1,1,64
86,19,93,2,2,1,0,1,1,2,72
75,20,78,1,1,0,1,0,0,1,64
86,26,65,0,1,2,2,1,2,1,71
74,19,76,1,1,5,1,1,1,2,68
87,17,92,1,1,3,1,0,2,1,68
89,18,66,1,1,2,1,2,1,1,68
88,23,69,1,1,3,0,0,0,1,69
65,28,77,1,0,1,1,2,0,2,67
86,16,94,0,1,0,0,2,0,0,66
71,21,79,1,1,1,2,1,0,1,65
61,22,60,2,1,0,0,1,2,2,63
77,14,54,0,2,1,0,0,1,1,62
77,20,55,2,2,1,1,1,2,1,67
79,11,98,1,1,2,0,1,0,1,65
72,22,88,2,0,2,0,2,1,1,66
73,18,75,1,1,0,1,1,2,1,64
62,21,84,1,2,5,0,2,0,1,67
87,20,56,1,1,2,1,1,1,1,67
83,14,81,0,0,1,0,0,0,0,61
74,20,91,1,1,1,0,1,0,1,66
88,13,53,1,2,2,1,0,1,1,66
81,28,65,0,1,1,0,2,0,1,67
79,12,56,1,2,1,0,2,0,2,64
80,19,63,0,2,1,0,1,0,0,64
85,14,89,1,0,2,1,2,1,1,67
86,23,67,2,0,2,1,1,1,0,68
72,18,84,0,1,2,0,1,1,1,64
66,17,89,1,1,0,1,0,1,1,63
66,25,91,2,1,2,1,1,0,1,68
86,20,94,0,0,2,0,0,0,0,64
95,23,80,1,0,2,0,1,0,2,70
76,14,64,1,0,3,1,2,1,1,64
67,12,58,1,2,0,0,1,2,1,59
90,21,75,1,2,4,0,1,0,1,71
93,18,55,1,0,3,0,0,0,1,67
95,24,96,0,1,3,2,1,0,2,73
84,20,72,0,0,3,0,1,2,1,66
94,21,94,2,2,2,1,1,0,1,73
61,10,85,1,2,1,0,1,1,2,62
64,31,93,2,1,1,0,1,0,1,69
64,19,94,2,1,3,2,1,1,1,66
89,24,53,0,1,1,0,1,0,1,68
63,15,86,1,1,4,0,2,2,0,65
80,22,61,1,1,1,1,2,0,2,67
79,12,99,1,1,2,0,0,1,0,64
72,23,89,2,2,0,0,0,1,1,67
95,18,50,0,0,3,0,1,1,0,66
67,20,96,1,2,1,0,2,2,2,68
74,24,65,1,1,3,1,1,1,0,68
91,13,71,0,1,1,1,2,0,0,64
61,16,81,1,2,2,0,1,1,0,63
87,23,96,1,2,2,1,2,1,1,72
93,33,96,1,2,1,2,2,0,1,75
97,19,78,1,2,2,0,2,0,0,71
95,24,66,1,2,2,0,0,2,0,71
73,19,64,1,1,4,1,2,1,0,66
83,32,68,1,2,3,0,2,0,1,71
63,10,59,1,2,0,2,2,1,0,61
70,21,83,1,1,1,0,1,1,1,65
64,10,76,0,1,1,0,2,0,0,58
73,5,89,0,2,1,0,1,1,2,62
95,22,55,0,2,2,1,1,2,1,69
74,21,70,0,1,1,2,1,1,1,65
82,18,62,1,2,3,0,1,0,2,69
77,19,77,1,2,1,1,1,0,2,68
78,39,73,1,1,0,1,2,0,1,70
99,18,72,1,2,4,0,1,0,1,72
72,23,66,1,0,3,2,2,0,0,66
85,16,86,2,0,2,0,1,2,0,68
77,22,74,1,1,2,1,0,0,2,67
62,19,60,0,2,1,1,2,0,1,61
80,18,77,0,0,1,1,0,0,1,64
93,31,80,1,2,3,0,1,1,1,74
64,27,51,1,1,1,0,0,0,2,64
63,21,60,0,2,2,2,0,1,1,64
66,6,62,1,2,2,2,1,0,0,61
91,18,62,2,2,3,0,2,0,1,71
89,36,62,0,2,2,1,0,0,0,72
83,19,64,2,2,0,2,0,1,1,68
79,27,63,2,0,2,1,0,0,2,69
96,29,94,2,1,2,0,0,0,2,74
91,21,66,2,1,3,1,1,0,0,70
92,15,67,0,2,1,2,2,2,0,69
93,5,63,0,0,2,2,1,1,1,64
86,24,98,0,0,2,2,2,2,1,71
78,15,77,0,2,0,1,1,2,0,65
95,21,81,1,2,0,0,1,1,1,71
61,18,67,1,0,5,2,2,2,1,66
62,20,98,1,1,1,0,0,2,2,64
71,13,73,0,0,1,0,1,2,0,61
95,27,57,1,1,1,0,2,1,2,71
76,16,90,1,1,0,2,1,0,1,65
65,10,55,2,0,0,0,1,0,1,59
63,19,78,1,1,3,1,1,1,0,63
66,20,55,1,1,1,2,0,2,0,64
70,21,73,0,0,0,1,1,2,0,63
80,28,64,2,2,1,2,1,0,1,70
88,19,95,1,2,1,0,1,1,1,70
99,19,53,2,2,1,1,1,1,1,72
78,13,82,2,1,0,1,1,0,2,65
81,25,85,1,2,3,2,0,1,2,71
81,21,94,1,2,3,2,1,1,1,70
82,17,94,0,1,1,0,1,2,1,66
81,9,99,1,1,2,0,1,0,1,64
60,29,63,2,0,0,2,0,0,1,64
60,13,64,0,2,1,1,1,1,0,59
64,16,70,2,1,5,0,2,0,1,65
64,22,77,1,2,1,0,2,0,1,66
88,13,68,1,1,1,0,2,2,2,67
68,11,87,1,2,1,0,2,0,1,62
96,7,50,0,2,1,1,0,2,1,65
99,17,86,1,1,1,1,2,1,0,70
98,38,94,1,0,2,2,0,0,1,75
71,14,89,2,2,0,2,1,1,1,66
80,14,56,1,2,1,2,2,0,0,65
67,17,97,1,1,1,2,1,1,1,64
92,21,76,0,2,2,1,2,0,0,70
96,17,87,2,1,0,0,2,1,1,71
94,24,60,1,0,0,0,1,1,0,68
77,14,77,1,1,1,1,1,0,0,64
90,12,67,2,2,2,0,1,0,0,67
64,9,99,2,1,6,0,2,0,1,65
62,7,74,1,2,3,2,1,1,1,62
90,17,88,2,0,1,1,0,1,0,68
77,18,80,1,2,1,1,0,1,1,66
100,16,55,2,2,1,1,0,0,2,69
64,27,77,1,1,3,0,1,2,2,68
94,27,77,0,1,0,1,2,1,1,71
79,18,86,2,1,3,1,1,0,1,68
93,9,66,0,2,0,1,1,0,1,64
93,17,93,1,0,0,1,0,0,0,66
97,16,81,0,1,0,0,2,2,2,70
72,16,52,1,0,1,1,0,1,1,60
98,16,85,1,1,0,1,2,0,0,69
66,16,95,1,1,1,1,2,1,0,65
63,18,84,2,2,1,0,1,1,1,66
77,16,69,0,1,1,0,1,1,1,64
93,21,80,2,1,0,1,2,2,1,71
79,22,59,0,2,0,1,2,1,1,66
93,15,80,0,1,0,0,2,0,0,66
89,28,75,1,1,1,0,0,0,1,68
68,14,51,2,2,1,0,1,2,2,63
98,10,66,0,1,1,1,0,0,0,66
62,22,60,1,0,0,1,2,1,0,61
96,15,70,0,1,4,1,2,0,2,70
72,22,62,2,1,5,1,1,2,0,68
80,6,92,1,1,5,2,1,0,0,65
77,28,85,1,2,0,2,0,0,2,69
67,24,87,2,1,0,1,2,1,0,67
74,11,68,1,2,0,0,2,1,0,62
68,11,50,2,0,2,0,2,0,0,61
67,16,88,1,2,0,1,1,2,1,65
80,15,80,1,2,1,0,1,0,1,65
92,6,77,1,1,1,0,2,0,1,66
83,18,64,2,1,1,0,0,1,0,66
96,19,54,1,1,1,1,1,0,2,69
85,24,89,2,2,1,0,1,0,1,70
88,12,52,1,2,1,0,0,1,0,63
87,11,53,1,0,1,0,2,1,2,64
78,23,65,0,2,1,1,1,0,2,65
88,26,79,1,2,1,0,1,0,1,71
63,11,100,1,1,0,0,1,1,2,61
94,26,55,0,0,2,0,1,2,0,69
91,20,74,1,2,1,0,1,1,1,69
70,27,80,1,1,1,0,1,0,0,66
91,20,91,1,2,3,0,1,2,1,72
61,5,84,1,2,1,1,1,1,2,60
69,19,90,0,0,0,1,1,0,1,62
63,26,76,1,1,3,0,1,1,1,66
91,15,72,2,1,1,0,1,2,0,69
90,18,81,1,2,2,2,0,1,1,69
93,19,95,2,1,3,0,0,1,0,71
60,3,78,0,1,1,2,2,0,0,57
80,30,80,2,2,0,2,2,0,1,72
88,15,67,1,0,1,0,2,1,1,66
66,23,80,1,1,1,1,2,1,1,66
86,19,81,1,1,3,1,1,1,1,70
63,28,88,1,1,2,0,2,0,1,67
67,22,79,1,1,1,1,1,1,1,65
79,19,60,1,1,1,0,1,0,0,63
86,15,79,0,2,3,1,2,0,1,68
66,25,65,1,0,0,0,2,1,1,63
67,9,54,2,1,3,1,2,1,1,63
68,24,91,1,1,1,1,0,2,2,68
70,13,53,1,1,2,1,0,0,1,60
69,28,82,1,1,0,0,1,1,2,67
76,21,99,0,0,0,1,2,0,2,65
86,24,54,0,2,0,1,1,0,1,68
78,20,61,0,1,0,0,1,1,1,62
91,9,88,0,1,2,2,1,1,0,65
89,15,55,1,1,1,0,2,0,2,66
65,24,92,1,1,3,0,1,1,0,67
62,21,50,2,0,1,0,0,2,0,60
95,27,94,2,0,2,2,1,1,2,74
63,22,53,0,0,1,0,1,2,1,62
66,14,96,1,0,0,1,0,2,0,61
61,15,93,1,1,0,0,1,1,2,63
85,21,77,0,1,2,1,1,0,1,66
83,6,89,1,1,1,2,2,0,1,65
99,30,54,1,0,0,2,2,1,1,72
95,23,57,1,2,1,0,1,0,1,70
76,27,68,2,2,1,2,1,1,1,71
75,11,77,2,2,1,1,1,2,1,64
72,27,93,2,1,1,1,2,2,0,70
66,33,77,1,1,2,0,1,1,1,68
66,12,83,2,0,1,0,1,1,1,61
65,25,84,1,2,1,0,2,2,2,68
65,20,94,1,0,1,2,2,0,1,64
70,11,89,2,1,2,0,2,1,0,64
72,23,99,2,1,2,2,1,1,1,71
98,25,51,2,1,0,1,2,1,1,72
83,16,60,1,1,0,1,2,2,1,66
100,27,97,1,0,4,0,2,0,0,74
75,10,90,1,1,3,2,2,1,1,65
78,11,63,2,2,1,0,1,0,0,64
73,21,99,1,2,1,1,2,1,1,69
67,20,93,1,1,1,1,0,0,0,62
66,16,53,1,1,2,2,0,1,2,62
98,25,91,0,0,2,2,2,0,1,72
99,23,89,2,1,1,0,1,1,2,73
62,25,61,0,1,1,2,2,1,2,64
66,19,83,1,1,2,0,1,1,1,65
77,24,99,2,2,1,0,2,0,1,70
67,17,84,1,1,1,2,1,2,2,66
75,32,91,2,0,1,1,2,2,0,70
65,15,55,2,1,2,0,2,1,0,63
78,33,86,0,0,1,0,2,0,1,69
71,20,60,1,2,0,0,1,1,0,64
74,12,54,1,0,2,2,2,1,1,63
64,28,78,1,1,2,2,0,1,0,66
77,21,88,1,1,2,1,2,2,0,68
99,25,77,1,1,0,0,1,2,1,97
73,27,97,0,0,2,0,1,1,1,67
95,22,85,1,1,0,1,2,1,1,71
94,16,56,0,0,2,1,2,0,0,66
98,26,97,0,1,2,2,1,0,1,72
92,20,58,1,2,2,2,1,0,0,70
86,24,88,1,1,1,0,1,0,1,69
94,7,57,0,1,2,2,0,1,2,66
63,23,100,2,2,2,2,2,1,0,69
79,16,67,1,1,2,1,2,1,0,65
100,30,75,2,2,0,1,1,0,1,75
91,24,73,1,0,2,2,2,0,1,70
98,21,55,0,2,1,0,2,1,0,70
91,23,75,2,1,2,0,0,0,0,69
95,14,57,1,2,2,1,1,0,1,68
88,30,90,1,0,4,1,0,2,2,73
90,32,98,1,1,0,1,1,1,2,74
81,22,90,0,0,0,1,2,2,1,66
97,30,72,1,2,1,0,2,0,2,74
93,17,50,0,1,3,0,2,2,0,67
94,15,52,1,2,1,1,2,1,0,67
87,20,75,2,1,3,1,1,1,0,70
72,23,84,2,0,1,0,1,2,1,67
61,18,91,0,1,3,1,2,1,2,80
97,23,80,2,1,1,1,0,0,0,70
83,22,99,1,2,4,0,0,2,0,71
72,14,75,0,1,4,1,2,2,2,64
66,23,80,2,2,1,1,2,1,1,68
93,25,62,1,1,0,0,1,0,1,68
93,21,67,1,1,1,0,2,2,1,69
93,27,84,0,2,1,2,1,1,0,72
86,13,80,1,1,0,1,0,0,1,65
75,23,68,0,0,1,0,1,2,1,64
72,13,56,2,1,1,2,2,0,0,64
60,13,67,1,0,1,0,2,0,2,58
93,16,52,1,2,2,0,1,1,0,69
63,14,79,0,2,1,0,1,0,1,61
85,17,66,2,2,0,1,1,1,1,68
80,19,69,1,2,1,1,1,0,0,66
81,25,79,1,1,1,1,1,1,0,68
97,18,79,2,0,2,1,2,0,0,70
61,10,79,0,2,4,1,2,2,1,62
91,27,75,1,1,2,0,1,1,0,71
62,15,74,1,1,0,2,0,0,2,61
62,20,91,1,2,1,1,0,1,0,64
77,23,73,0,1,1,1,2,0,1,65
63,21,77,1,0,3,0,0,1,0,63
92,27,99,1,2,4,0,2,0,0,74
81,23,59,2,1,2,1,1,1,0,68
61,15,86,1,2,2,0,1,2,2,65
62,33,74,1,1,2,1,1,1,0,66
85,21,92,2,1,1,0,1,1,1,69
92,19,70,1,0,2,1,2,2,0,69
78,26,65,1,2,3,1,2,1,1,70
82,21,60,1,1,3,0,2,2,2,70
92,22,94,1,1,1,0,2,1,1,71
84,35,86,1,1,1,0,1,1,1,72
69,18,54,0,1,1,0,1,0,1,61
85,18,86,2,1,1,0,1,1,2,68
85,21,52,0,1,3,0,1,0,1,66
89,26,59,1,1,1,0,1,0,0,70
85,11,80,0,1,0,1,2,0,0,63
68,16,92,1,0,1,1,0,1,1,62
98,10,80,2,1,3,1,1,1,0,69
82,17,98,1,1,3,0,2,1,1,69
87,23,93,0,1,1,2,2,2,1,72
64,15,67,1,2,2,0,2,0,1,64
75,11,92,1,0,2,1,2,0,1,63
91,20,93,1,1,1,2,0,0,2,70
88,25,98,1,0,1,2,1,0,0,69
62,10,51,2,2,1,0,2,1,1,61
82,25,94,2,2,2,0,1,0,0,70
64,25,53,1,1,1,1,1,1,0,64
100,26,76,2,2,0,2,0,1,2,76
96,27,71,1,1,2,1,1,1,1,73
94,18,70,1,1,2,1,0,1,1,69
97,21,80,1,1,2,1,2,1,0,72
74,18,85,1,1,4,1,0,1,1,66
89,20,51,1,1,3,2,2,1,1,70
78,29,80,2,1,2,2,2,1,1,73
86,12,76,1,2,2,2,2,2,0,68
74,15,80,2,1,2,2,0,2,1,66
73,28,54,1,0,4,0,1,1,1,67
77,26,53,0,1,3,0,2,1,2,67
66,18,59,2,1,0,0,2,0,1,62
93,25,93,1,0,2,1,2,1,1,72
74,22,68,2,0,0,0,2,1,1,65
76,29,72,0,1,1,0,2,2,1,69
96,20,70,2,1,2,0,2,0,1,69
80,26,86,1,2,0,1,2,0,1,69
82,36,63,0,0,0,0,2,1,1,69
98,24,53,1,0,1,0,1,1,1,69
95,20,69,2,1,0,0,1,1,0,70
67,24,86,0,2,6,2,2,0,1,67
79,18,96,2,1,3,2,2,1,1,69
99,34,53,1,1,0,1,1,1,1,75
75,21,91,1,0,2,0,1,0,1,66
75,18,53,0,1,0,0,1,2,1,63
68,15,67,1,1,3,2,0,1,1,64
65,27,51,1,1,2,2,2,2,1,66
90,25,96,1,1,1,1,2,1,1,72
91,17,85,2,1,3,1,1,1,2,71
99,23,68,1,0,0,0,2,2,1,70
91,11,69,1,2,2,1,2,0,1,67
70,21,82,0,1,0,0,2,2,2,65
62,23,54,2,2,3,0,1,0,0,65
99,30,57,1,1,0,2,1,0,1,73
74,15,92,1,1,1,2,2,1,0,66
72,12,60,1,0,0,2,1,0,2,62
96,15,86,2,1,2,0,2,2,1,71
83,12,61,2,1,3,0,1,2,1,66
69,28,54,2,2,1,1,1,0,0,65
96,29,95,2,1,0,0,2,2,1,75
100,22,95,1,2,2,1,2,0,1,74
63,27,80,0,1,1,0,1,1,2,65
94,21,73,1,1,2,2,2,0,0,71
76,19,78,0,2,1,2,0,0,0,65
81,18,70,0,1,0,1,1,0,2,65
97,18,88,0,1,0,0,1,0,1,67
99,11,88,0,1,2,0,1,0,1,67
70,22,91,1,1,2,0,2,1,1,66
69,20,76,1,2,1,0,2,1,2,67
63,24,90,1,1,2,2,1,0,1,66
82,21,58,2,0,0,0,0,1,1,65
61,19,52,1,2,1,0,1,0,0,59
76,15,82,2,2,4,0,2,0,1,69
63,20,55,1,1,2,0,0,0,2,63
76,24,78,1,0,1,0,1,1,2,65
62,13,86,0,1,2,0,1,0,2,61
93,21,70,1,0,0,2,1,1,1,68
68,21,52,2,1,3,1,1,0,1,65
95,16,52,2,1,0,2,2,0,1,69
90,21,95,1,0,2,1,1,2,2,72
69,13,53,0,1,2,0,0,1,2,59
63,22,87,1,1,0,1,0,2,0,63
89,15,96,1,1,3,0,0,0,2,69
76,26,95,0,0,1,2,1,0,2,67
91,34,95,1,0,1,1,0,1,1,70
78,15,94,2,1,0,2,2,0,2,67
74,23,76,1,1,1,1,2,0,1,66
78,16,78,1,1,5,0,2,2,1,68
90,26,81,2,0,1,2,1,0,1,71
96,12,95,1,2,3,0,1,1,1,69
81,15,89,1,1,0,2,0,0,2,66
61,19,84,2,1,2,0,2,1,2,66
79,14,81,1,2,3,0,0,2,2,67
95,25,96,1,2,1,2,1,1,0,74
74,15,60,2,2,3,0,2,0,0,66
97,23,60,2,1,1,1,1,1,1,72
85,18,99,0,2,0,1,1,0,2,69
97,19,78,2,0,0,0,0,1,1,68
90,21,74,2,1,4,0,1,0,1,71
64,15,93,1,1,0,0,0,0,1,61
69,21,92,1,1,2,0,1,0,0,65
76,29,59,2,1,4,2,1,0,1,71
67,15,59,1,0,0,0,1,0,0,59
80,27,90,1,2,1,2,1,1,0,71
79,29,89,2,1,0,2,1,2,1,72
98,15,61,2,2,1,1,2,0,1,71
77,11,92,0,0,0,0,1,0,0,61
91,22,74,1,1,1,1,0,1,1,67
98,17,73,1,1,0,1,0,0,0,67
95,31,99,1,1,1,0,1,1,1,74
68,20,76,2,2,2,0,1,1,0,66
80,15,57,1,1,1,0,0,0,0,63
74,13,64,1,1,4,0,1,2,0,63
76,27,67,2,2,1,0,2,0,1,68
74,17,98,0,1,1,0,1,2,0,65
93,20,63,0,1,0,0,0,0,1,66
81,17,87,1,1,0,1,1,0,2,67
99,20,64,0,1,0,0,2,1,2,70
62,20,85,1,0,5,0,1,0,2,65
80,24,60,1,1,1,0,2,2,1,68
91,24,62,2,1,3,1,0,0,0,70
66,19,99,0,2,1,1,2,1,1,66
84,20,68,1,2,0,2,2,0,1,69
70,18,86,1,1,1,0,2,2,1,65
95,11,92,1,1,2,2,1,1,1,68
73,22,67,1,0,3,0,2,2,1,65
73,31,68,2,1,1,0,2,1,2,70
84,15,89,0,0,1,0,1,0,2,65
67,15,80,1,2,3,1,1,1,2,67
71,15,68,0,2,5,1,2,0,0,64
77,24,87,1,1,2,2,2,0,2,68
74,23,93,2,1,4,0,1,2,1,70
81,19,62,2,0,1,0,0,1,1,64
84,14,51,1,2,4,0,1,2,0,67
83,21,64,2,2,2,0,1,1,1,68
86,11,84,1,1,5,0,1,0,1,67
72,21,96,0,1,4,1,2,2,0,66
65,25,93,2,1,2,1,0,1,0,66
90,12,61,0,1,2,0,2,0,1,66
94,11,94,0,0,2,1,2,0,1,67
70,29,91,1,1,2,1,2,0,0,69
76,16,87,1,0,3,1,1,0,1,65
80,27,84,0,0,4,1,2,0,0,68
81,19,90,2,0,2,0,1,0,1,67
86,19,93,1,1,1,1,2,0,0,69
62,23,91,1,1,3,0,1,2,2,64
89,15,56,1,1,2,1,2,1,0,67
62,21,86,1,2,2,0,2,1,1,67
79,18,92,2,1,1,1,1,0,0,67
93,12,59,2,1,2,0,2,0,1,67
78,22,61,2,1,2,1,1,0,0,68
66,18,89,1,1,4,0,2,0,2,65
99,19,67,2,0,3,1,1,2,0,70
96,13,70,1,1,1,1,1,0,1,68
91,30,69,0,2,2,0,0,1,1,72
76,25,61,2,1,1,2,1,1,1,67
67,26,97,0,2,2,0,1,1,1,66
98,18,90,0,0,0,0,2,2,0,68
94,32,55,2,1,4,0,2,1,2,75
74,20,69,0,2,1,1,2,1,2,66
73,16,71,2,2,0,2,2,0,1,67
99,23,50,2,2,1,0,1,2,1,71
81,27,94,2,0,0,1,1,0,0,68
66,20,93,1,1,2,0,1,0,1,65
69,28,93,2,0,0,1,0,2,0,67
79,26,90,2,0,0,1,0,2,0,66
62,14,87,1,0,1,0,2,1,1,60
79,16,82,1,1,2,2,1,0,0,64
91,4,86,1,1,3,1,1,0,0,64
74,19,82,2,1,2,0,1,0,2,66
99,11,89,1,2,3,1,2,0,2,72
67,17,62,0,0,0,0,2,0,1,60
84,18,98,2,0,3,0,2,1,0,69
64,18,51,1,1,2,0,2,0,1,62
89,17,82,1,1,3,1,2,1,1,70
100,13,54,0,0,3,0,2,0,0,65
93,34,93,1,2,2,0,1,0,2,77
82,31,98,2,1,0,0,1,0,1,71
79,13,70,2,1,4,0,2,0,2,66
93,29,93,1,1,2,2,2,0,1,74
97,18,67,2,1,1,0,1,1,1,70
100,21,58,1,1,2,0,1,1,1,69
76,20,64,1,1,2,1,0,0,0,64
100,16,65,1,1,1,1,2,2,2,69
66,26,82,2,2,1,0,1,0,1,68
70,21,90,0,1,1,0,1,0,1,63
64,17,60,1,1,1,0,2,1,1,61
71,12,54,1,1,0,1,2,0,1,61
91,15,61,0,1,0,0,1,0,1,65
94,10,65,2,1,3,0,0,0,1,65
91,20,64,1,2,0,0,2,2,2,69
85,13,61,2,2,3,0,2,1,2,69
81,18,73,1,0,1,0,0,2,1,65
88,28,93,2,0,3,2,0,0,1,72
76,27,55,2,2,3,0,1,0,1,69
94,20,93,1,2,1,1,1,1,0,71
87,19,75,1,1,2,0,0,0,1,67
88,31,83,2,1,0,0,1,0,1,72
81,23,91,2,2,0,0,2,2,0,70
95,18,65,1,0,1,0,0,0,2,68
70,11,98,1,1,3,2,1,2,1,66
75,22,54,2,1,4,0,2,0,0,68
91,25,76,0,2,1,1,2,0,0,71
96,22,70,2,1,2,1,0,1,1,70
74,18,72,2,1,1,1,0,0,2,65
75,19,96,2,2,2,0,2,1,1,70
96,5,72,0,1,3,0,0,1,0,65
79,19,85,2,2,0,0,2,1,1,68
81,26,98,1,2,1,0,1,1,0,69
73,16,75,1,1,3,0,2,1,2,66
71,20,70,1,0,0,0,1,1,1,62
86,15,99,2,1,2,0,1,1,2,70
65,22,91,0,2,2,1,0,2,1,65
95,19,97,2,0,0,2,1,1,0,71
91,14,70,2,1,2,2,1,0,1,68
68,28,85,0,0,0,2,0,1,1,65
88,26,62,2,0,1,0,2,2,2,70
84,16,93,2,1,0,0,2,2,1,69
67,23,97,0,1,1,1,2,1,1,66
76,24,55,1,2,2,0,2,0,0,67
88,10,60,1,0,1,0,2,0,1,63
86,26,82,2,0,2,0,2,0,1,70
81,17,64,1,2,0,0,2,2,1,65
91,18,82,2,1,3,0,2,1,1,70
90,36,68,2,1,1,0,2,0,0,74
91,18,73,1,2,0,1,0,0,0,68
73,7,75,1,1,1,1,2,2,1,64
95,28,67,1,2,2,0,1,1,0,73
85,12,54,1,1,4,1,2,0,1,66
93,14,75,0,1,0,0,0,1,0,65
82,18,89,0,2,0,1,2,1,2,66
69,28,98,0,1,0,0,2,1,1,67
82,25,54,2,1,0,0,1,1,1,67
88,22,63,0,1,3,2,2,0,0,69
79,16,91,1,1,4,2,2,2,1,69
93,21,67,0,1,2,1,1,0,2,68
87,20,56,0,0,1,1,0,2,1,64
87,26,81,1,1,1,0,0,2,1,70
69,26,95,1,1,1,2,0,0,1,67
99,23,59,0,0,1,0,2,1,1,68
94,18,51,1,1,0,1,2,2,1,67
92,24,94,1,2,1,2,1,1,0,73
73,19,85,1,1,1,0,1,1,1,65
81,14,90,2,1,3,2,1,2,1,69
65,18,53,1,1,1,2,2,1,1,63
82,21,95,1,1,3,0,2,0,1,68
66,25,71,2,1,0,0,0,1,2,64
82,19,95,2,0,2,2,1,0,1,68
86,13,53,2,1,2,0,2,0,1,66
76,20,94,1,1,2,0,1,0,0,65
80,21,84,1,1,4,2,1,0,0,69
95,21,78,1,0,2,0,1,0,2,69
64,26,53,2,0,2,1,0,0,1,64
92,26,84,2,2,0,2,1,1,2,74
67,16,80,1,2,1,0,1,0,1,64
61,16,86,0,1,3,0,2,1,1,63
67,14,86,1,2,0,1,2,2,1,64
91,24,72,1,1,3,0,1,1,1,71
76,29,60,2,0,2,0,0,1,1,68
95,18,96,1,1,4,1,0,1,0,72
81,19,96,0,1,1,2,0,0,2,67
61,29,61,2,1,0,0,0,0,1,64
89,23,82,0,1,2,1,2,2,1,70
64,23,60,1,2,2,1,0,1,0,65
92,13,93,1,2,2,1,0,2,2,69
67,24,55,1,2,2,1,2,0,2,65
74,14,100,1,2,1,1,1,0,1,66
90,13,81,1,2,0,0,2,1,1,67
98,18,51,0,1,1,1,1,2,1,68
75,16,94,1,1,0,0,2,1,1,65
93,19,84,1,1,0,1,1,1,2,68
68,11,85,2,1,2,1,0,1,2,63
92,26,64,1,1,1,0,2,1,1,71
86,27,67,1,2,1,1,2,0,1,71
68,8,96,1,2,2,2,2,0,1,65
72,26,82,0,1,2,2,0,1,1,65
65,15,51,0,1,1,0,2,2,1,61
75,25,66,2,2,0,0,0,0,0,68
68,20,80,1,0,4,1,1,0,0,65
86,20,57,1,0,0,0,2,1,1,66
100,19,55,0,2,2,0,2,0,0,69
60,27,53,2,2,3,0,2,0,0,65
82,13,82,2,1,1,0,2,0,1,65
83,24,66,1,2,2,2,2,1,2,70
97,27,69,1,1,1,0,1,0,1,70
80,24,53,1,1,2,0,2,0,1,67
82,34,87,2,1,3,0,2,0,2,75
79,17,88,0,0,3,0,1,1,0,65
71,26,91,1,1,2,0,1,0,1,66
62,20,79,1,0,2,0,2,0,2,62
82,18,75,1,1,0,1,0,0,1,66
81,17,53,0,2,0,0,1,1,2,64
65,12,65,1,0,2,0,1,1,1,60
97,17,84,1,1,3,2,1,0,1,70
96,24,96,1,1,2,1,2,0,1,72
68,28,63,1,2,0,1,0,0,1,67
74,21,83,2,1,1,0,1,2,0,67
85,28,74,1,1,1,2,2,1,1,72
64,12,81,2,2,1,0,1,2,1,63
74,17,50,1,0,0,0,0,0,1,60
70,18,56,1,1,1,0,1,2,1,65
97,19,61,1,2,2,2,1,1,2,72
94,21,95,2,1,0,0,0,1,0,70
83,24,52,1,2,1,1,2,1,2,71
81,17,78,1,0,1,1,2,0,0,66
97,21,96,1,0,2,1,2,0,2,72
97,20,83,1,0,3,2,2,1,2,73
99,14,74,1,2,2,1,1,1,1,71
65,19,69,0,2,4,1,1,0,1,64
66,19,81,2,1,1,1,2,2,1,66
87,19,74,1,1,1,1,2,2,2,69
82,20,85,1,0,1,2,1,1,0,66
61,20,81,2,1,0,0,1,2,1,63
62,17,78,1,1,0,0,0,1,1,62
96,28,98,0,2,1,0,2,2,2,98
95,13,92,2,2,1,1,2,1,0,71
74,16,80,1,2,0,2,2,0,1,66
96,37,77,1,1,2,0,2,1,1,75
84,14,86,1,2,1,0,2,0,2,68
92,12,90,1,2,2,0,0,1,1,69
77,24,65,0,1,2,0,2,1,2,68
65,8,83,1,1,3,0,0,1,0,60
77,19,57,0,1,4,0,1,1,0,64
78,33,72,1,1,4,0,2,1,1,71
82,11,97,2,2,2,1,2,2,0,69
64,8,66,1,1,1,1,2,0,1,60
100,11,58,2,2,1,1,2,0,2,70
70,25,57,1,0,4,0,1,1,1,66
68,27,70,1,2,0,2,2,1,2,68
81,17,61,0,2,2,1,2,2,1,67
81,24,71,1,1,1,1,1,1,2,70
78,28,86,1,2,0,1,1,0,0,69
91,31,94,2,1,2,0,0,2,2,75
81,19,56,0,1,1,0,2,1,0,65
84,6,88,1,1,1,2,2,0,1,65
89,15,55,0,1,1,2,2,1,1,66
61,17,69,1,2,1,0,2,1,2,64
83,18,100,1,0,1,0,0,0,1,66
95,19,53,2,1,3,0,2,0,1,70
61,27,51,0,2,1,1,2,0,2,63
76,28,67,0,0,1,1,0,2,2,66
97,19,98,1,0,1,1,2,1,0,71
74,27,51,2,1,2,0,2,1,2,68
78,22,61,1,1,2,0,2,2,1,68
99,20,80,1,0,0,2,0,1,2,71
68,25,62,1,0,1,1,0,0,0,63
63,20,53,0,0,1,0,2,1,0,60
94,32,53,2,1,1,0,1,1,1,73
95,11,78,1,1,4,0,0,1,0,68
79,17,78,2,2,2,0,2,2,1,70
81,19,85,1,1,1,0,1,0,1,66
93,23,57,1,2,1,2,2,2,1,72
90,28,75,0,2,1,0,1,0,1,70
71,20,80,2,2,2,0,2,2,1,68
61,11,61,1,1,3,2,1,1,1,60
79,25,77,1,2,2,0,1,0,0,68
94,25,85,2,2,1,1,1,1,2,74
96,8,100,1,1,1,0,0,2,2,68
98,20,80,1,0,4,1,2,1,0,72
95,10,93,2,1,0,0,2,0,2,69
83,16,92,1,0,2,2,2,2,0,98
78,15,97,2,1,1,2,1,1,1,68
91,25,86,0,1,0,0,1,1,1,70
90,21,61,1,1,1,2,2,2,1,69
82,12,65,0,2,3,0,0,1,0,64
63,25,89,0,1,1,0,1,1,2,65
97,11,76,1,1,2,0,2,1,2,69
78,22,63,0,1,2,0,1,1,2,67
75,15,83,2,1,1,0,0,2,0,65
85,18,95,2,1,2,1,2,0,2,70
87,23,68,0,2,0,1,1,2,1,68
68,23,80,1,1,1,0,1,1,1,65
93,28,79,1,1,0,2,2,1,2,74
72,20,56,1,1,4,0,0,2,1,65
67,22,55,2,2,1,0,2,0,1,65
76,17,94,1,2,3,0,1,1,1,68
89,21,97,1,1,1,2,0,0,1,68
99,23,95,1,1,5,0,1,1,2,74
98,9,64,1,2,1,0,0,0,1,67
66,22,97,1,1,0,0,1,2,0,64
82,16,91,1,1,0,0,2,0,1,66
72,12,67,1,1,0,0,2,0,0,61
93,29,82,2,1,5,0,0,0,1,73
87,23,88,1,0,2,0,1,1,2,70
99,19,79,1,0,2,2,1,0,1,70
70,13,80,0,1,1,1,2,2,2,63
79,15,88,1,2,3,2,1,2,1,69
80,28,88,2,2,2,0,0,2,1,72
84,17,70,2,2,1,0,0,2,1,68
78,23,89,2,1,1,0,1,1,1,67
78,15,63,2,1,2,2,2,1,1,65
61,28,92,1,2,1,1,1,1,0,68
81,17,95,1,2,2,0,2,1,2,69
73,16,65,2,2,1,1,2,1,0,66
60,4,55,1,1,2,2,1,0,1,58
71,12,78,2,2,3,1,2,0,2,67
76,21,65,1,1,2,0,0,0,0,65
65,18,63,1,2,1,0,0,0,2,62
80,12,61,2,1,0,0,1,2,1,65
88,18,78,2,2,0,1,1,1,1,69
85,23,77,2,0,0,1,2,2,1,70
92,23,71,2,0,2,0,2,0,2,70
78,9,57,1,2,1,0,2,0,0,63
81,19,96,1,0,0,2,1,1,2,69
92,12,71,1,0,0,0,0,1,0,64
77,25,56,2,1,1,2,2,0,1,69
88,25,52,1,2,1,0,2,1,0,70
77,15,58,1,1,1,1,2,0,1,64
77,15,65,1,2,2,2,2,0,0,65
90,17,82,1,2,0,1,1,1,1,70
67,6,99,0,1,0,1,1,1,0,60
74,22,64,2,1,3,0,1,1,2,68
69,18,89,0,0,2,0,1,0,0,61
74,26,96,0,1,2,0,1,1,1,68
69,13,70,0,1,1,0,1,2,1,61
83,16,63,1,0,2,0,2,2,0,64
92,11,75,1,1,2,0,0,1,1,66
91,14,95,1,1,2,0,2,2,1,70
75,13,51,2,2,3,0,0,1,1,65
100,26,74,2,1,1,0,1,1,2,74
84,16,88,2,2,1,0,0,1,0,66
76,21,80,1,0,3,1,0,0,2,65
93,18,75,2,0,1,1,2,2,2,69
90,19,81,2,0,2,0,2,1,1,69
68,24,84,0,2,1,0,2,0,1,66
79,13,68,0,1,2,0,2,2,1,63
94,25,76,0,1,1,0,1,0,1,69
80,15,64,2,1,1,0,1,1,1,65
87,17,99,1,1,1,0,1,1,1,67
84,23,59,1,1,1,2,2,0,0,66
94,16,58,1,0,2,1,2,0,1,67
71,20,63,2,0,1,1,2,0,2,65
83,18,96,2,1,0,2,2,1,0,69
65,21,83,2,0,3,0,1,0,1,65
88,6,73,2,2,3,1,1,0,1,67
89,9,96,1,1,0,0,0,2,1,66
62,24,95,1,0,1,1,2,2,1,64
87,26,70,2,1,1,0,2,0,0,70
77,15,78,2,1,0,0,1,0,1,65
65,19,95,1,0,2,1,1,1,1,65
77,22,66,0,0,2,1,2,0,1,64
68,24,70,0,1,1,1,1,0,0,64
77,8,90,0,1,1,0,1,1,0,61
75,15,85,1,2,1,0,1,0,1,65
90,18,52,1,2,5,0,2,1,0,68
91,24,56,2,0,1,1,2,0,1,70
84,35,92,1,0,6,0,0,0,2,74
61,19,51,1,1,1,0,1,0,0,60
97,12,96,0,2,2,2,2,0,1,71
87,22,64,2,2,2,0,0,1,1,70
61,28,80,1,0,2,2,2,1,0,67
93,21,78,1,1,0,0,1,0,1,68
68,15,70,1,2,3,0,0,1,1,64
83,26,52,0,2,0,0,0,0,1,67
79,24,60,0,0,0,2,1,0,0,65
96,22,72,1,1,1,1,2,2,0,72
63,27,55,1,1,1,2,1,1,0,65
98,20,67,2,0,0,0,2,2,1,71
97,18,76,2,2,0,0,1,1,1,72
87,27,54,1,2,0,0,2,1,1,70
79,13,53,1,2,1,1,2,1,1,63
92,12,78,0,0,3,1,0,1,2,67
63,26,63,2,1,1,2,1,2,0,67
63,18,66,1,1,2,1,0,1,0,62
81,28,90,2,1,3,0,0,1,2,72
66,23,93,2,1,1,0,2,2,2,69
60,13,66,1,1,1,1,2,1,1,61
77,29,68,0,1,1,0,2,1,2,67
65,29,92,1,0,0,0,2,1,1,66
66,25,99,1,1,2,1,2,1,1,68
63,15,66,2,1,1,1,0,0,2,62
68,18,89,0,2,0,1,0,1,1,63
89,21,74,1,1,3,0,2,0,2,70
92,16,63,2,0,2,1,1,0,1,68
78,30,84,2,1,1,1,0,2,1,71
80,21,73,0,2,0,0,1,1,1,65
61,4,63,2,0,4,0,1,1,1,59
63,22,55,0,2,2,0,1,1,1,64
70,18,93,2,1,0,1,2,1,1,67
82,20,94,1,1,3,0,2,0,1,68
90,18,54,2,2,1,0,0,1,0,95
84,25,83,1,1,1,0,2,0,2,70
76,27,58,1,1,1,1,2,1,1,68
65,22,82,1,0,2,1,2,1,1,65
91,18,95,1,0,2,2,2,0,1,70
75,20,63,1,1,4,2,1,1,1,67
89,20,67,2,1,2,1,1,0,1,69
81,15,90,2,1,1,2,2,0,2,68
90,23,87,2,2,1,0,1,0,2,72
96,23,70,2,1,1,0,1,1,1,71
97,29,92,2,1,2,0,2,0,1,75
81,28,96,2,1,0,0,1,1,1,70
80,16,73,1,1,2,1,0,1,1,66
71,25,52,2,1,3,0,1,0,2,67
97,14,75,1,1,1,1,2,1,2,70
78,24,87,2,2,2,0,1,1,1,71
65,17,61,1,1,5,0,2,0,1,64
77,14,55,1,1,2,0,1,2,2,65
65,22,64,1,1,1,0,0,1,2,64
80,4,51,1,0,4,0,0,1,1,62
82,9,86,0,2,2,1,0,0,1,64
74,19,57,2,1,1,0,2,1,2,66
63,20,86,1,1,0,1,1,2,0,64
98,18,62,1,2,3,0,2,1,0,71
91,11,100,0,2,4,2,0,0,0,68
94,15,77,1,1,3,1,1,2,0,70
75,22,52,1,2,0,1,1,0,2,66
90,23,89,1,1,2,1,2,2,0,71
79,20,71,1,1,1,1,1,1,1,68
68,27,80,0,0,3,0,2,1,2,66
65,22,98,1,0,4,0,1,1,2,66
74,16,76,2,0,5,1,0,0,1,65
66,18,90,1,1,0,2,0,1,1,64
100,12,65,1,0,1,0,2,0,1,67
62,19,86,1,1,1,1,2,2,0,65
78,27,55,1,1,3,2,1,2,0,69
78,24,95,1,2,1,1,2,0,0,69
72,28,60,1,0,4,2,1,2,1,69
83,18,65,2,1,3,1,2,0,0,68
66,28,98,0,1,0,0,2,1,1,67
91,19,58,0,1,2,1,2,0,2,68
73,29,63,0,0,1,2,0,0,1,65
84,20,79,1,2,3,1,0,1,1,69
89,24,99,0,1,1,2,2,2,2,73
96,29,85,1,2,3,2,1,2,0,76
93,19,56,2,1,0,1,0,0,1,69
84,21,87,0,2,2,2,2,2,0,69
76,28,71,1,1,3,0,2,0,1,68
80,19,100,2,2,1,0,2,1,1,70
91,12,81,0,1,0,0,2,0,0,64
95,33,77,0,0,2,0,2,2,0,73
64,17,78,1,1,1,0,2,1,2,64
75,21,82,0,1,1,0,0,1,1,65
91,27,87,2,0,0,0,0,1,1,69
77,16,54,0,1,0,2,0,1,1,62
73,14,57,1,2,2,0,1,1,2,64
76,22,65,2,0,0,0,1,1,0,64
100,18,66,0,1,3,1,0,0,2,69
80,21,61,0,1,2,0,2,2,1,67
68,18,96,2,0,1,0,1,2,1,65
67,11,52,2,1,3,1,0,2,2,63
62,30,97,0,0,0,1,1,2,1,66
82,21,95,2,1,1,0,0,2,2,70
82,29,84,2,1,1,0,2,0,0,70
68,18,52,2,2,0,1,2,2,2,67
88,15,61,1,0,0,2,1,2,1,65
70,19,95,1,1,0,1,2,1,2,66
74,13,98,2,1,1,0,0,2,2,66
100,29,100,0,1,0,0,1,0,0,72
75,16,53,0,2,0,1,2,0,2,64
78,28,92,2,1,1,2,2,1,0,71
91,16,72,1,2,0,2,0,2,2,70
87,9,64,1,0,1,0,1,2,1,64
94,30,52,0,1,3,2,1,2,0,70
98,12,54,0,1,2,0,1,1,1,67
83,20,51,0,1,2,0,1,1,0,65
69,25,76,1,2,1,0,2,2,1,68
76,23,81,1,2,3,0,2,0,1,69
90,20,65,0,1,3,2,0,0,0,68
86,10,91,2,2,2,0,2,0,2,68
67,15,94,0,1,0,2,2,1,1,64
